recipe_id,food_img
398430,https://recipe1.ezmember.co.kr/cache/recipe/2015/08/30/662cfa805c03b3bdfd93ace0f721a46d.jpg
521359,https://recipe1.ezmember.co.kr/cache/recipe/2015/08/07/8b7a807c69768cc25714c70db5e1c82e.jpg
587229,https://recipe1.ezmember.co.kr/cache/recipe/2015/08/12/249154e9f789f58ec3e200f050bdae43.jpg
633250,https://recipe1.ezmember.co.kr/cache/recipe/2015/10/28/5a5b924ebfb498a44d14475335e5188e.jpg
681921,https://recipe1.ezmember.co.kr/cache/recipe/2015/09/08/f78f093303cdb12ca425286e94780f13.jpg
742667,https://recipe1.ezmember.co.kr/cache/recipe/2015/10/30/bcf3487cfe1e442299fd6a17e900caf6.jpg
745086,https://recipe1.ezmember.co.kr/cache/recipe/2015/08/04/f187927df47bec6f124fce3f9e14b6cd.jpg
773263,https://recipe1.ezmember.co.kr/cache/recipe/2015/08/11/a05a9d0f3fe916cb36f0f719bf299111.jpg
776221,https://recipe1.ezmember.co.kr/cache/recipe/2015/08/11/bcc41cc77475258be71c6e9527c2dab5.jpg
786892,https://recipe1.ezmember.co.kr/cache/recipe/2015/09/03/7e9bbd7da6638d5ab94ae11b11a0621b.jpg
793932,https://recipe1.ezmember.co.kr/cache/recipe/2015/08/07/a370e095bac4d3db5638e43a2170c9f9.jpg
810381,https://recipe1.ezmember.co.kr/cache/recipe/2015/08/11/7d8ffe029a9d31ed20757022fee33dad.jpg
829793,https://recipe1.ezmember.co.kr/cache/recipe/2015/06/09/80915a579d52ad8448efe0e037a945fd.jpg
834910,https://recipe1.ezmember.co.kr/cache/recipe/2015/10/05/d2d798513d9a88d5bdc34fa414c85ff3.jpg
841962,https://recipe1.ezmember.co.kr/cache/recipe/2015/10/26/a98188494dac96deea55cd1d222cac04.jpg
958920,https://recipe1.ezmember.co.kr/cache/recipe/2015/09/08/a468041a0a5fe2e00af0fc077bb9f439.jpg
970263,https://recipe1.ezmember.co.kr/cache/recipe/2015/09/29/755fae8ac2f91b861d979b5fd129a907.jpg
975609,https://recipe1.ezmember.co.kr/cache/recipe/2015/10/26/c033413096809b9a98aeedb3af446f3e.jpg
993170,https://recipe1.ezmember.co.kr/cache/recipe/2015/06/09/6a57f9b6967597ebb286c387c3721ddd.jpg
1002689,https://recipe1.ezmember.co.kr/cache/recipe/2015/09/15/42b5867aaa46e4b7d2403de2fc1b5d70.jpg
1010485,https://recipe1.ezmember.co.kr/cache/recipe/2015/06/09/f21dfddf71dc3e6443ceefc2a7bfa119.jpg
1017455,https://recipe1.ezmember.co.kr/cache/recipe/2015/09/25/ee6f91f5c8214378e169234f5c453f63.jpg
1032173,https://recipe1.ezmember.co.kr/cache/recipe/2015/09/17/ff045007cf13cfefd9d703878ca289bf.jpg
1048723,https://recipe1.ezmember.co.kr/cache/recipe/2015/09/21/7f54184d1360675cb10a4a53169d1c41.jpg
1071080,https://recipe1.ezmember.co.kr/cache/recipe/2015/09/25/d05072e1eddd193627f991c861906b9f.jpg
1072541,https://recipe1.ezmember.co.kr/cache/recipe/2015/06/09/bc13f5245beab81ca81ad2c24127e2bb.jpg
1089355,https://recipe1.ezmember.co.kr/cache/recipe/2015/09/24/8c950e672e3c938012e5afcb2aafd142.jpg
1095402,https://recipe1.ezmember.co.kr/cache/recipe/2015/09/23/7abf251388f041fa5f1b99d7e2a3a769.jpg
1111355,https://recipe1.ezmember.co.kr/cache/recipe/2015/09/14/64f3b4084e39e2f6c4264cc344bc9a46.jpg
1138097,https://recipe1.ezmember.co.kr/cache/recipe/2015/06/09/6b43f529d7edfffc41d4989530fab698.jpg
1213786,https://recipe1.ezmember.co.kr/cache/recipe/2015/08/31/ba0400cd60e84931b085f30e8ff384be.jpg
1363717,https://recipe1.ezmember.co.kr/cache/recipe/2015/09/25/04e088611c0e1d3d4847eb7c29d1dda4.jpg
1415323,https://recipe1.ezmember.co.kr/cache/recipe/2015/09/26/69e01f8e1cac8f94d3556c4f49a191e9.jpg
1433671,https://recipe1.ezmember.co.kr/cache/recipe/2015/08/30/ee253b1a8f5d930ce12a291e146be0ec.jpg
1442035,https://recipe1.ezmember.co.kr/cache/recipe/2015/07/31/0ffd4ebe19acafdd6fa8b875a6838a48.jpg
1457094,https://recipe1.ezmember.co.kr/cache/recipe/2015/09/09/ea3181b6d20742319d32b4c2c7bea338.jpg
1458387,https://recipe1.ezmember.co.kr/cache/recipe/2015/09/23/3c1adf9a79e3c6b576edad4498f5a160.jpg
1466868,https://recipe1.ezmember.co.kr/cache/recipe/2015/09/22/df5be35f55790768b70ba924d93a8467.jpg
1487818,https://recipe1.ezmember.co.kr/cache/recipe/2015/09/07/d26fdc68d9afd3cce46f02038c26e047.jpg
1489114,https://recipe1.ezmember.co.kr/cache/recipe/2015/09/29/6bc0435755d39a955c8e9420e5a25e89.jpg
1499897,https://recipe1.ezmember.co.kr/cache/recipe/2015/10/23/a93362dcd5f732a0d9b00983565937ce.jpg
1509359,https://recipe1.ezmember.co.kr/cache/recipe/2015/11/26/d76312d693139472b155304219f2a442.jpg
1555368,https://recipe1.ezmember.co.kr/cache/recipe/2015/06/08/444487ddcf0aac4b1fa30fa0565e1819.jpg
1558361,https://recipe1.ezmember.co.kr/cache/recipe/2015/10/23/effa4a86b1d74801eeb04970bb29cbfb.jpg
1572708,https://recipe1.ezmember.co.kr/cache/recipe/2015/07/20/67bc32a8ac0a1c9ed2451604bae00272.jpg
1572996,https://recipe1.ezmember.co.kr/cache/recipe/2015/06/08/b6bdc644165f52fb1d08921172f2dc34.jpg
1599268,https://recipe1.ezmember.co.kr/cache/recipe/2015/10/27/ffd4f047f1e7c85074e560668c7a36b1.jpg
1640576,https://recipe1.ezmember.co.kr/cache/recipe/2015/09/30/d9a459ee118c25d48fcbe27b8813d96c.jpg
1651984,https://recipe1.ezmember.co.kr/cache/recipe/2015/08/29/584e81727a012b7691469eb9b399acac.jpg
1656516,https://recipe1.ezmember.co.kr/cache/recipe/2015/09/17/fc8c3f06c2e4036be6f2522c5bc5f82e.jpg
1669187,https://recipe1.ezmember.co.kr/cache/recipe/2015/06/08/325ba14896cdf5ed0fbc3260bed932a8.jpg
1679685,https://recipe1.ezmember.co.kr/cache/recipe/2015/08/28/472b0c77c82653e9507f4129e00e8aa8.jpg
1695114,https://recipe1.ezmember.co.kr/cache/recipe/2015/09/30/6aed22124392242adfdc38d570cb79b7.jpg
1704993,https://recipe1.ezmember.co.kr/cache/recipe/2015/06/08/7c3076251548e45493d6cf016db7f54b.jpg
1707400,https://recipe1.ezmember.co.kr/cache/recipe/2015/09/02/3d40806157844ace838d1e4b947315d1.jpg
1749926,https://recipe1.ezmember.co.kr/cache/recipe/2015/06/08/042788819675b29767b8b8f41e23ed15.jpg
1750722,https://recipe1.ezmember.co.kr/cache/recipe/2015/06/08/21b37644d7bae32c66a5776c8858eecc.jpg
1750928,https://recipe1.ezmember.co.kr/cache/recipe/2015/06/08/6d863e7521368369d31cb20999e24615.jpg
1764745,https://recipe1.ezmember.co.kr/cache/recipe/2015/06/08/f88741d441410988ae3aef733a953b31.jpg
1770802,https://recipe1.ezmember.co.kr/cache/recipe/2015/08/21/72e64f86f04b8aee4bdee3056915bcd0.jpg
1776201,https://recipe1.ezmember.co.kr/cache/recipe/2015/09/24/66738677cc659d7a8b12702ade3e40d5.jpg
1780772,https://recipe1.ezmember.co.kr/cache/recipe/2015/08/25/732959084c78b7094da2fab86b818e92.jpg
1785801,https://recipe1.ezmember.co.kr/cache/recipe/2015/08/25/efd4019d3ccd8842108e97c1068c8a11.jpg
1786864,https://recipe1.ezmember.co.kr/cache/recipe/2015/08/25/d1ba8922523aaa919faca5077bbaea4b.jpg
1810756,https://recipe1.ezmember.co.kr/cache/recipe/2015/06/08/6303e17303a6efcf502b153737dee663.jpg
1817508,https://recipe1.ezmember.co.kr/cache/recipe/2015/08/18/6987421199c11b699853aaaa38c27ae5.jpg
1817864,https://recipe1.ezmember.co.kr/cache/recipe/2015/07/30/8b2dfaafbb50942dc0a333aa6aff3928.jpg
1829966,https://recipe1.ezmember.co.kr/cache/recipe/2015/06/08/79789583c417a76cb4b988ccf210c097.jpg
1845977,https://recipe1.ezmember.co.kr/cache/recipe/2015/08/24/aa6bbcde542dfbd63a39ea3227f35db3.jpg
1846105,https://recipe1.ezmember.co.kr/cache/recipe/2015/08/27/b1c1885c9abf9c4496ae4494cfae0ad3.jpg
1851174,https://recipe1.ezmember.co.kr/cache/recipe/2015/08/14/7468a7b38ca1efb38b5d59c0c1f4cd66.jpg
1852672,https://recipe1.ezmember.co.kr/cache/recipe/2015/06/08/09195926ba72b27481902f3d3b2c0d31.jpg
1876136,https://recipe1.ezmember.co.kr/cache/recipe/2015/07/29/a1d36544643e98ac9e7f2cc075d2ec9b.jpg
1887754,https://recipe1.ezmember.co.kr/cache/recipe/2015/08/25/f3c74a4f20ef988711b915fc4a82c86e.jpg
1894530,https://recipe1.ezmember.co.kr/cache/recipe/2015/06/08/d6ee943ba4ae6ed3dd3101cc900d3dd0.jpg
1903027,https://recipe1.ezmember.co.kr/cache/recipe/2015/08/11/6747603257c66e4034ceafbe521e4dc2.jpg
1923444,https://recipe1.ezmember.co.kr/cache/recipe/2015/08/24/c465f762297d9a3e48d04ba46ecc4cc1.jpg
1935586,https://recipe1.ezmember.co.kr/cache/recipe/2015/07/29/3890dbaae037c98f2a2e33330c473fef.jpg
1949948,https://recipe1.ezmember.co.kr/cache/recipe/2015/08/24/057ea7697bbf3c838a47a55b93f0f2ca.jpg
1950741,https://recipe1.ezmember.co.kr/cache/recipe/2015/08/06/07fdf7c148c03cd19096c7b2ed796fa6.jpg
1962589,https://recipe1.ezmember.co.kr/cache/recipe/2015/06/08/17940d406138a34ea85763837ac3138b.jpg
1962596,https://recipe1.ezmember.co.kr/cache/recipe/2015/08/14/a0df7073b5d452118bd31e30fbad6f4a.jpg
1964442,https://recipe1.ezmember.co.kr/cache/recipe/2015/08/14/d225da3e6b402dba00f8e8149ad462be.jpg
1966531,https://recipe1.ezmember.co.kr/cache/recipe/2015/09/01/2023153e547819239c49d409f6323dba.jpg
1973163,https://recipe1.ezmember.co.kr/cache/recipe/2015/09/02/f1f5dfa55cc51305e0b354b5c63d9cad1.jpg
1981751,https://recipe1.ezmember.co.kr/cache/recipe/2015/06/08/b8c9f64f80f96ead5140c9998b45f7ae.jpg
1985106,https://recipe1.ezmember.co.kr/cache/recipe/2015/08/09/13e132518528da78402dfd2806c0a260.jpg
1993312,https://recipe1.ezmember.co.kr/cache/recipe/2015/06/08/8ee67263c71b19f36b25bd87decfae1e.jpg
1994334,https://recipe1.ezmember.co.kr/cache/recipe/2015/08/06/2522a98bc7fc27d0a9c94f187f1c48e1.jpg
2010961,https://recipe1.ezmember.co.kr/cache/recipe/2015/07/29/cfd566f1b994f73faf85d11accc9e801.jpg
2021356,https://recipe1.ezmember.co.kr/cache/recipe/2015/06/08/2c8663caa6f30d4c1358cd3046fb2066.jpg
2300171,https://recipe1.ezmember.co.kr/cache/recipe/2015/08/10/15ced828a3d8a10683cf2c432a4b73b2.jpg
2316644,https://recipe1.ezmember.co.kr/cache/recipe/2015/10/05/153c08769ae3967d5d1f976ec8e70a70.jpg
2317844,https://recipe1.ezmember.co.kr/cache/recipe/2015/08/10/5e16f9b9bbd62eed704251084e88e8f4.jpg
2318698,https://recipe1.ezmember.co.kr/cache/recipe/2015/06/08/d3fac8469445c2b582801be6377194ac.jpg
2319457,https://recipe1.ezmember.co.kr/cache/recipe/2015/06/08/6f5e3b8a92076d97e65eaebe14aded0a.jpg
2321700,https://recipe1.ezmember.co.kr/cache/recipe/2015/06/08/ba3cc3aebfc4f17124b25b01b05ea577.jpg
2328282,https://recipe1.ezmember.co.kr/cache/recipe/2015/08/05/d4f487c000acad2725fcbe7d8eeab9a6.jpg
2345359,https://recipe1.ezmember.co.kr/cache/recipe/2015/07/31/cb16b0680e647d8919e328a1f701e70c.jpg
2347994,https://recipe1.ezmember.co.kr/cache/recipe/2015/08/07/9ddda6bf866b5aeab9465e4de3d0ecc5.jpg
2372273,https://recipe1.ezmember.co.kr/cache/recipe/2015/08/18/d195c93b0930e32f4772ce65394afb83.jpg
2377281,https://recipe1.ezmember.co.kr/cache/recipe/2015/08/05/89dae2575aaf5cd8969959fbda343c90.jpg
2379477,https://recipe1.ezmember.co.kr/cache/recipe/2015/08/18/6315e99e0feecd5c9d57d779d7293b66.jpg
2386206,https://recipe1.ezmember.co.kr/cache/recipe/2015/08/11/72761e1137e9a28677a917243b0c2be6.jpg
2410535,https://recipe1.ezmember.co.kr/cache/recipe/2015/08/05/116830d12494aabd4e80a608be46855a.jpg
2430877,https://recipe1.ezmember.co.kr/cache/recipe/2015/06/08/3bca9addb6709bd7c3d9c7fd5df5c1fa.jpg
2430907,https://recipe1.ezmember.co.kr/cache/recipe/2015/08/06/f416fc85ce6f92942c63742be9a32a7e.jpg
2432023,https://recipe1.ezmember.co.kr/cache/recipe/2015/08/04/246d6b222d07d1cfbd02636255f7a915.jpg
2452797,https://recipe1.ezmember.co.kr/cache/recipe/2015/08/19/4fb939c6d246e448576fe2057bfc9e08.jpg
2460362,https://recipe1.ezmember.co.kr/cache/recipe/2015/07/28/ff810397f5d3aa62702d0bf9db2effb3.jpg
2495586,https://recipe1.ezmember.co.kr/cache/recipe/2015/07/08/23c17d391e97db8309600b35c6b67919.jpg
2504573,https://recipe1.ezmember.co.kr/cache/recipe/2015/07/24/3d9b18b1a9000f13751713adccab1813.jpg
2507914,https://recipe1.ezmember.co.kr/cache/recipe/2015/08/05/378e9147932934c5dc27b91ae8396994.jpg
2512524,https://recipe1.ezmember.co.kr/cache/recipe/2015/07/21/4f3e0a4265c19de1e792a71218e5426e.jpg
2525246,https://recipe1.ezmember.co.kr/cache/recipe/2015/08/05/898f9b3bcab3966fe42f8e74765ddf8d.jpg
2570683,https://recipe1.ezmember.co.kr/cache/recipe/2015/06/08/ff6b58e49177f5ac6442040130d83086.jpg
2604081,https://recipe1.ezmember.co.kr/cache/recipe/2015/07/23/1a2c38e81ef6b82023db6b7e52d9457e.jpg
2627876,https://recipe1.ezmember.co.kr/cache/recipe/2015/08/18/0b580837a6e29c4e742572cb86ef1dfd.jpg
2628685,https://recipe1.ezmember.co.kr/cache/recipe/2015/07/29/bebfc4600b008db12fcffa881f579c87.jpg
2750315,https://recipe1.ezmember.co.kr/cache/recipe/2015/04/04/c4653ecb817f9a91d2c240ff70c54f1c1.jpg
2764822,https://recipe1.ezmember.co.kr/cache/recipe/2015/04/22/8025eadc0c6f3688891ebd29790567d4.jpg
2875615,https://recipe1.ezmember.co.kr/cache/recipe/2015/07/07/dbbe781540b318a57ec848cf73ea1ac2.jpg
2980506,https://recipe1.ezmember.co.kr/cache/recipe/2015/08/05/1ac46aff8f007d6819918877525a09941.jpg
3113033,https://recipe1.ezmember.co.kr/cache/recipe/2015/07/09/c3f8888f671ffcd66c0afa0d9601038f.jpg
3166011,https://recipe1.ezmember.co.kr/cache/recipe/2015/07/15/4472698032b01caf436a746c5160763b.jpg
3169728,https://recipe1.ezmember.co.kr/cache/recipe/2015/09/02/63eb0ca27fe21e0bba2396655666365e1.jpg
3291253,https://recipe1.ezmember.co.kr/cache/recipe/2015/07/14/02989575dfbce8fde912e8f1419e69c3.jpg
3351100,https://recipe1.ezmember.co.kr/cache/recipe/2015/07/06/222c5a3548f4e537de74361d3bb63767.jpg
3366518,https://recipe1.ezmember.co.kr/cache/recipe/2015/06/08/f76c9cd8c080190718270ddc75acf429.jpg
3378302,https://recipe1.ezmember.co.kr/cache/recipe/2015/04/21/2f411ef4b1dc8f1f59b551c8e4ee7f5e1.jpg
3393259,https://recipe1.ezmember.co.kr/cache/recipe/2015/04/16/fb35b19a1a522a21e760e73856eaaac91.jpg
3396569,https://recipe1.ezmember.co.kr/cache/recipe/2015/06/16/27898c7145b56a78d8ca27313df2918d.jpg
3400303,https://recipe1.ezmember.co.kr/cache/recipe/2015/07/09/3d40b55ae4ed573280fd43e1a1bbe769.jpg
3467151,https://recipe1.ezmember.co.kr/cache/recipe/2015/03/26/2bc63137f5f1ab57eebfed50c183b6711.jpg
3519469,https://recipe1.ezmember.co.kr/cache/recipe/2015/04/09/88979ca091893a5f09644b101b0da8561.jpg
3519477,https://recipe1.ezmember.co.kr/cache/recipe/2015/04/09/5984ab3c59bb26410f1e7ab1fd45ca161.jpg
3527356,https://recipe1.ezmember.co.kr/cache/recipe/2015/06/08/31e1d6e209862dfea13f752f82d5fe5c.jpg
3660025,https://recipe1.ezmember.co.kr/cache/recipe/2015/06/08/4694784b49264f7b53b2cb41d8f97928.jpg
3743743,https://recipe1.ezmember.co.kr/cache/recipe/2015/07/06/f05b717fff20c3644fe4cf527acd53ee.jpg
4044032,https://recipe1.ezmember.co.kr/cache/recipe/2015/06/20/b11029a0511d344b4e2054fb85c5c45d.jpg
4076086,https://recipe1.ezmember.co.kr/cache/recipe/2015/06/08/fb584461080ab006102857d1472d9bc3.jpg
4233127,https://recipe1.ezmember.co.kr/cache/recipe/2015/04/09/43112a26e41ca6f30ce04dc3768eb4fd1.jpg
4254445,https://recipe1.ezmember.co.kr/cache/recipe/2015/06/30/76f66559d85f5cf63841817d0a9ef367.jpg
4354850,https://recipe1.ezmember.co.kr/cache/recipe/2015/06/08/da63662d9daaa8927c26edd93d3ceae4.jpg
4355257,https://recipe1.ezmember.co.kr/cache/recipe/2015/06/08/2b319dcc658a1fb04ac00b4b74c9882a.jpg
4365129,https://recipe1.ezmember.co.kr/cache/recipe/2015/06/08/5799936061fe4d5059b571174980adac.jpg
4396807,https://recipe1.ezmember.co.kr/cache/recipe/2015/04/20/31ad8b2bd33b20d5106df0c3fca499ec1.jpg
4507499,https://recipe1.ezmember.co.kr/cache/recipe/2015/06/19/021a5010ad8561e4bb86a9b5338c3db8.jpg
4538943,https://recipe1.ezmember.co.kr/cache/recipe/2015/06/08/e3d3d172f6cac4957189246cac2a4072.jpg
4547704,https://recipe1.ezmember.co.kr/cache/recipe/2015/06/08/b1570b5b85c5467fc07af727f47ca9d5.jpg
4558866,https://recipe1.ezmember.co.kr/cache/recipe/2015/06/16/1c3878afd9853ba24e2d4fdce1bd23b3.jpg
4643715,https://recipe1.ezmember.co.kr/cache/recipe/2015/04/09/1dd51248773f34c3a7922adce44905a31.jpg
4644263,https://recipe1.ezmember.co.kr/cache/recipe/2015/06/08/30721e6de402ae4d8ea0726a75518413.jpg
4690776,https://recipe1.ezmember.co.kr/cache/recipe/2015/05/28/5bfbbccf40e9dd8c8e356f973a3960c91.jpg
4713326,https://recipe1.ezmember.co.kr/cache/recipe/2015/04/14/214fffcf2fc3e593dff2c128a9c89c761.jpg
4732776,https://recipe1.ezmember.co.kr/cache/recipe/2015/06/08/f6384cde7cd97266aa19a9494c4e3ae7.jpg
4738314,https://recipe1.ezmember.co.kr/cache/recipe/2015/06/08/ec81978116a162a831c8b64cf9a84404.jpg
4820334,https://recipe1.ezmember.co.kr/cache/recipe/2015/03/26/350bbe4b9fbb2018534401cdbd77f5921.jpg
4933880,https://recipe1.ezmember.co.kr/cache/recipe/2015/04/09/701e4b8ed7d0198dfd66b8d0aa3dc73a1.jpg
4982769,https://recipe1.ezmember.co.kr/cache/recipe/2015/06/08/b5f36368349b89b3aac1d9f804321fa2.jpg
5008005,https://recipe1.ezmember.co.kr/cache/recipe/2015/06/06/fdb15c698427aa01206e166ffa1b39651.jpg
5051726,https://recipe1.ezmember.co.kr/cache/recipe/2015/05/30/80d1eb7844840d7cf92a43d5c0ee05c41.jpg
5108610,https://recipe1.ezmember.co.kr/cache/recipe/2015/06/17/8351f4a3935da5e7ced0d4d28d5d888f.jpg
5165533,https://recipe1.ezmember.co.kr/cache/recipe/2015/04/04/6379d0b9769f0bca814e28168c43bc3a1.jpg
5198973,https://recipe1.ezmember.co.kr/cache/recipe/2015/06/08/db92fdb0848faec59d7e363b2b7cbfde.jpg
5209959,https://recipe1.ezmember.co.kr/cache/recipe/2015/06/08/4e176b62872bb21cddeea2fef8a6ad86.jpg
5277953,https://recipe1.ezmember.co.kr/cache/recipe/2015/06/10/d1a475ff8ccec51cd1f8730b481bd4d51.jpg
5307388,https://recipe1.ezmember.co.kr/cache/recipe/2015/06/08/34a32cb8687110f06e2c1d78f9656af4.jpg
5341540,https://recipe1.ezmember.co.kr/cache/recipe/2015/04/09/92def8ed493b500696ede3c6448b697e1.jpg
5379470,https://recipe1.ezmember.co.kr/cache/recipe/2015/06/08/a2232449c169e97d0993dcfdf5d4a1c0.jpg
5406628,https://recipe1.ezmember.co.kr/cache/recipe/2015/06/10/7c7ba2fb9f76c3633cccd32b05b329b51.jpg
5598988,https://recipe1.ezmember.co.kr/cache/recipe/2015/06/10/91fe23959a71f9e76f336ec629f7e7fb.jpg
5636504,https://recipe1.ezmember.co.kr/cache/recipe/2015/05/25/9cf77b0c505339e7a3179f780a6ac3621.jpg
5696566,https://recipe1.ezmember.co.kr/cache/recipe/2015/06/08/ed72f8130b94f7cab3f330ff792ab7a61.JPG
5758941,https://recipe1.ezmember.co.kr/cache/recipe/2015/05/23/9da3d84e36b048382b088895da0e54c51.jpg
5811232,https://recipe1.ezmember.co.kr/cache/recipe/2015/06/08/6a1ca42628654db5648a6747c536c5ae.jpg
5895210,https://recipe1.ezmember.co.kr/cache/recipe/2015/03/25/9d44cf38e03c0f43f6baaa34ae70784e1.jpg
5913619,https://recipe1.ezmember.co.kr/cache/recipe/2015/03/27/493ef1f5b6fd1db5e1322b2ec86528d11.jpg
5949075,https://recipe1.ezmember.co.kr/cache/recipe/2015/04/13/f419da1dd3f7820a9e95b042c410a28a1.jpg
5954403,https://recipe1.ezmember.co.kr/cache/recipe/2015/06/05/b20096524652b360c5e228cbf643b1911.jpg
5981230,https://recipe1.ezmember.co.kr/cache/recipe/2015/06/04/952da144cf60a31aa9aca41581b4d6671.jpg
6091824,https://recipe1.ezmember.co.kr/cache/recipe/2015/03/27/c17ddfde1b4399847a98e970bcdb649a1.jpg
6152507,https://recipe1.ezmember.co.kr/cache/recipe/2015/03/27/47e83cfb25802347aa4e5b4142767e321.jpg
6163644,https://recipe1.ezmember.co.kr/cache/recipe/2015/06/05/57c0ac07460b1b4b8f4aaf2489388860.jpg
6188439,https://recipe1.ezmember.co.kr/cache/recipe/2015/06/04/6de8ff56477da9a744d1686fe72e28b01.jpg
6206747,https://recipe1.ezmember.co.kr/cache/recipe/2015/05/31/faee704c3d72672191df014c524ced471.jpg
6218335,https://recipe1.ezmember.co.kr/cache/recipe/2015/06/03/1e07ad0dc22d2572412095f8b114d8771.jpg
6277433,https://recipe1.ezmember.co.kr/cache/recipe/2015/06/02/0b667d4e47573b2c6b2ccda76528343f1.jpg
6289379,https://recipe1.ezmember.co.kr/cache/recipe/2015/04/04/9e76e3fc6c45740bf13a0a2cb95d5bc71.jpg
6295190,https://recipe1.ezmember.co.kr/cache/recipe/2015/06/02/43c99a7d01eb1581e9b0ee9ae3956882.jpg
6300433,https://recipe1.ezmember.co.kr/cache/recipe/2015/06/03/978b4733e457674bf384c53131bebc0d1.jpg
6372591,https://recipe1.ezmember.co.kr/cache/recipe/2015/04/04/d0b566a14df4853e73c9060ec5ecc9ba1.jpg
6390571,https://recipe1.ezmember.co.kr/cache/recipe/2015/05/28/d59abff413f2ed08156b1f0eec88e0481.jpg
6458596,https://recipe1.ezmember.co.kr/cache/recipe/2015/06/02/aa6b56a354d9319088e51521d3e5aef61.jpg
6460356,https://recipe1.ezmember.co.kr/cache/recipe/2015/06/01/dc427c05136bd206b44c06819a8b5c541.jpg
6506853,https://recipe1.ezmember.co.kr/cache/recipe/2015/05/28/d837d24932cd48425c227eb6a966b4b11.jpg
6510183,https://recipe1.ezmember.co.kr/cache/recipe/2015/05/28/dbe657e663484e64e6d69762ef7221ac1.jpg
6520291,https://recipe1.ezmember.co.kr/cache/recipe/2015/04/10/ada42196660b2aaf3fbd7fb83af0db861.jpg
6521194,https://recipe1.ezmember.co.kr/cache/recipe/2015/05/28/3d8e94a2e3a5f7ff195d3de0f18cc1de1.jpg
6557969,https://recipe1.ezmember.co.kr/cache/recipe/2015/03/12/279467e76c3ab1c2c3423f5ceff88fc21.jpg
6558979,https://recipe1.ezmember.co.kr/cache/recipe/2015/04/04/91ac68ce92cf498ff8aa0007498cf79b1.jpg
6564563,https://recipe1.ezmember.co.kr/cache/recipe/2015/04/09/c4a86662aa1b5a59cd6c08056e30077e1.jpg
6581382,https://recipe1.ezmember.co.kr/cache/recipe/2015/03/12/98bd2d1fd009ef1c4510922e8d0c92dd1.jpg
6608759,https://recipe1.ezmember.co.kr/cache/recipe/2015/05/26/879d7aa0739cc214b465e5936c6640cb1.jpg
6609158,https://recipe1.ezmember.co.kr/cache/recipe/2015/05/26/5c3b9728df17639f0a48d9a93e506e1d1.jpg
6618467,https://recipe1.ezmember.co.kr/cache/recipe/2015/05/26/51e3a11731b25c0b4e8b16e92f7de4f81.jpg
6619734,https://recipe1.ezmember.co.kr/cache/recipe/2015/05/20/ecda5701a664a7681bf12e7166884a9e1.jpg
6629399,https://recipe1.ezmember.co.kr/cache/recipe/2015/05/21/da74ff86a8e927413fb1ae8df43f525e1.jpg
6644488,https://recipe1.ezmember.co.kr/cache/recipe/2015/04/04/26509b6fb89d8ee86640385a3ad6fab71.jpg
6669079,https://recipe1.ezmember.co.kr/cache/recipe/2015/05/11/734179d7ffdd16eb6cbf86e0be93f1231.jpg
6672600,https://recipe1.ezmember.co.kr/cache/recipe/2015/05/22/d7eada9fbb75237f1ad93efa2a4e531c1.jpg
6674496,https://recipe1.ezmember.co.kr/cache/recipe/2015/04/06/c6402df71a0ccd5918b358b96d79eb071.jpg
6676418,https://recipe1.ezmember.co.kr/cache/recipe/2015/05/11/0775bae73f1776072229c726be1fbc601.jpg
6680191,https://recipe1.ezmember.co.kr/cache/recipe/2015/05/17/de5ae98355846df35cc2d1bc3cdcb5691.jpg
6689558,https://recipe1.ezmember.co.kr/cache/recipe/2015/05/12/e50a550fb5f660dcf115f6ddd4a23ab71.jpg
6689612,https://recipe1.ezmember.co.kr/cache/recipe/2015/05/17/75a992610e22507e7a39c56c43a0e3861.jpg
6691024,https://recipe1.ezmember.co.kr/cache/recipe/2015/05/16/fddafc085bf616651f149a7e761f75771.jpg
6694536,https://recipe1.ezmember.co.kr/cache/recipe/2015/05/18/d3653bbe1e86b4ba6b9e21da6179c3381.JPG
6694894,https://recipe1.ezmember.co.kr/cache/recipe/2015/05/14/038210941ed6b667e85aa7ef8f24000c1.jpg
6694927,https://recipe1.ezmember.co.kr/cache/recipe/2015/04/30/ea2952f372084e538277ee38054bbda71.jpg
6695005,https://recipe1.ezmember.co.kr/cache/recipe/2015/05/15/1d3f040f49161999312d6183b1619ada1.jpg
6695286,https://recipe1.ezmember.co.kr/cache/recipe/2015/05/22/468779446f5700ca7fddaec35722aa3d1.jpg
6698889,https://recipe1.ezmember.co.kr/cache/recipe/2015/05/09/b1cbd5f3dec40c22052978650403d05c1.jpg
6701558,https://recipe1.ezmember.co.kr/cache/recipe/2015/05/07/c3ac2c1cb8500e4619a3bfa69c0d60d21.jpg
6704259,https://recipe1.ezmember.co.kr/cache/recipe/2015/04/18/e8a93d58ea5909d3ae2807975f1d10f51.jpg
6707756,https://recipe1.ezmember.co.kr/cache/recipe/2015/05/12/d248a8ef82231b702e3f268e6c915cc61.jpg
6723371,https://recipe1.ezmember.co.kr/cache/recipe/2015/05/07/3116c7f91d5db40e5a115268402750151.JPG
6727840,https://recipe1.ezmember.co.kr/cache/recipe/2015/05/06/010fe34f50d85763cac1e9003d5d31f91.JPG
6735763,https://recipe1.ezmember.co.kr/cache/recipe/2015/05/06/55b9caa33a71c7a5142e4c2ce26d0bc71.jpg
6740841,https://recipe1.ezmember.co.kr/cache/recipe/2015/05/07/b4b40296f3a7c25ae34b5d4887d81d691.jpg
6748634,https://recipe1.ezmember.co.kr/cache/recipe/2015/05/04/9a3523cbdd811b52ea4c3c0dabe15e621.jpg
6752091,https://recipe1.ezmember.co.kr/cache/recipe/2015/05/06/8a96f993609cf5c6258a31b626eaeb041.jpg
6760137,https://recipe1.ezmember.co.kr/cache/recipe/2015/05/10/388e09a2871567a1b629193768461a081.jpg
6763346,https://recipe1.ezmember.co.kr/cache/recipe/2015/05/12/6e60dec0cd6e6d8621ab2bb3a1271e0e1.JPG
6766632,https://recipe1.ezmember.co.kr/cache/recipe/2015/05/13/d8ed03a9d6e89874b964b762b78565cb1.jpg
6776497,https://recipe1.ezmember.co.kr/cache/recipe/2015/05/18/d12816ec02c7bee6e5f125eff72472c51.jpg
6777864,https://recipe1.ezmember.co.kr/cache/recipe/2015/05/18/e05aebf8cef8b47ad356884352198fa41.jpg
6784402,https://recipe1.ezmember.co.kr/cache/recipe/2015/05/21/92750f937cf77cf6007988f2365b932a1.jpg
6785976,https://recipe1.ezmember.co.kr/cache/recipe/2015/05/22/2ce8d4636f37a2f7cb5feb0fc1284cc51.jpg
6792049,https://recipe1.ezmember.co.kr/cache/recipe/2015/05/25/f7b10791c48854ef936512bea5cb36391.jpg
6804169,https://recipe1.ezmember.co.kr/cache/recipe/2015/05/31/c0579d8baa3934796cfa585dc9b1b5711.jpg
6813453,https://recipe1.ezmember.co.kr/cache/recipe/2015/06/04/87820a417f93b93be38646211432f7561.jpg
6828968,https://recipe1.ezmember.co.kr/cache/recipe/2015/06/15/22c3616d1829e1f32f4d632c0603e2c91.jpg
6829008,https://recipe1.ezmember.co.kr/cache/recipe/2015/06/17/681228f99981d6d4ffb71baff0ff8fe61.jpg
6829072,https://recipe1.ezmember.co.kr/cache/recipe/2015/06/17/867f66aab6dafd1c3c9baf056129a8771.jpg
6829081,https://recipe1.ezmember.co.kr/cache/recipe/2015/06/17/092b445fda36aa68948a2b38bd66310b1.jpg
6829100,https://recipe1.ezmember.co.kr/cache/recipe/2015/06/17/a7a828eb4beae7b8e8588ac562c5b23e1.jpg
6829257,https://recipe1.ezmember.co.kr/cache/recipe/2015/06/22/c090079c7c949d2c8c29e6ce162d32861.jpg
6829343,https://recipe1.ezmember.co.kr/cache/recipe/2015/06/23/8e0608fe728da5a2817295d78335758e1.jpg
6829569,https://recipe1.ezmember.co.kr/cache/recipe/2015/06/29/8d726240b0e85947d9661c0aef3783df1.jpg
6829728,https://recipe1.ezmember.co.kr/cache/recipe/2015/08/07/f79018772f1abf299cb4f91bcc0748021.jpg
6829974,https://recipe1.ezmember.co.kr/cache/recipe/2015/07/08/5c536e69042a891f0d358a32ed11956d1.jpg
6830026,https://recipe1.ezmember.co.kr/cache/recipe/2015/07/09/28872bde2a2a615a1bfe0a5a96f057131.jpg
6830240,https://recipe1.ezmember.co.kr/cache/recipe/2015/07/15/f966b396c3428edb062e9b2142448fc81.jpg
6830292,https://recipe1.ezmember.co.kr/cache/recipe/2015/07/15/d91f3eea3ca397025ca09738714e967d1.jpg
6830316,https://recipe1.ezmember.co.kr/cache/recipe/2015/07/12/4a9d5395f91428f74209703dd3c25a131.jpg
6830471,https://recipe1.ezmember.co.kr/cache/recipe/2015/07/22/8128ad431ee06e68af87c2b436e3a6721.jpg
6830551,https://recipe1.ezmember.co.kr/cache/recipe/2015/07/24/feba6b63dac5df8b75d3bfad010d7aa61.jpg
6830583,https://recipe1.ezmember.co.kr/cache/recipe/2015/07/23/e10dacb15d492006e00b842f9c78cb171.jpg
6830607,https://recipe1.ezmember.co.kr/cache/recipe/2015/07/23/8a7b2977236f39c3f09d25582685ea3b1.jpg
6831021,https://recipe1.ezmember.co.kr/cache/recipe/2015/08/01/dec2e89df20738bad4dc3c1308a9c3961.jpg
6831255,https://recipe1.ezmember.co.kr/cache/recipe/2015/08/06/41e866630e461c4e1a1be02c744a64ea1.jpg
6831325,https://recipe1.ezmember.co.kr/cache/recipe/2015/08/10/f0914b2de237d855b173cc3cb07af7d61.jpg
6831338,https://recipe1.ezmember.co.kr/cache/recipe/2015/08/07/7f98b538c59c085afb7871a8407657aa1.jpg
6831465,https://recipe1.ezmember.co.kr/cache/recipe/2015/08/11/7c5a4d68bba79eb513ce1ca917a3fdc91.jpg
6831479,https://recipe1.ezmember.co.kr/cache/recipe/2015/08/13/422ecaf42fb242aaec31b0878a87030b1.jpg
6831504,https://recipe1.ezmember.co.kr/cache/recipe/2015/08/10/c2e90a44cba77cf8a078f1bb1d111e0e1.jpg
6831543,https://recipe1.ezmember.co.kr/cache/recipe/2015/08/10/c7efcf5fd3f6218b68c7c8bbc74597161.jpg
6831767,https://recipe1.ezmember.co.kr/cache/recipe/2015/08/12/126b369b375ea39b0092eb99fb9ef3901.jpg
6831946,https://recipe1.ezmember.co.kr/cache/recipe/2015/08/14/0f686c5dd44456452cf3f06c652e58571.jpg
6832166,https://recipe1.ezmember.co.kr/cache/recipe/2015/08/17/8c7f94068bee0421f2ccb6ef0a3c00471.jpg
6832289,https://recipe1.ezmember.co.kr/cache/recipe/2015/08/19/e37430bedffa82e0fd7d1f9bffb15f541.jpg
6832379,https://recipe1.ezmember.co.kr/cache/recipe/2015/08/20/12065600c04aeb49dae930cc4fbf8fcf1.jpg
6832392,https://recipe1.ezmember.co.kr/cache/recipe/2015/08/20/62c0db862b987936cd5f523bc58bc1e81.jpg
6832487,https://recipe1.ezmember.co.kr/cache/recipe/2015/08/21/a28e22adf7150eaa33bf43fea423956f1.jpg
6832514,https://recipe1.ezmember.co.kr/cache/recipe/2015/08/21/865b927f3c4d7ffeae05fc0634c9ef791.jpg
6832656,https://recipe1.ezmember.co.kr/cache/recipe/2015/08/24/835a29917b3a9f074cb8d1636adeefcf1.jpg
6832727,https://recipe1.ezmember.co.kr/cache/recipe/2015/08/26/48b279f42b33ebb1b9f485ac67a0baa11.jpg
6832859,https://recipe1.ezmember.co.kr/cache/recipe/2015/08/27/9778ac2c2d5e8f2d7fba0577a80595a01.jpg
6832909,https://recipe1.ezmember.co.kr/cache/recipe/2015/08/27/0617c622e119167dec32d5f25e045c521.jpg
6833035,https://recipe1.ezmember.co.kr/cache/recipe/2015/08/28/dfe398195cb54b91e38063226700d8ab1.jpg
6833054,https://recipe1.ezmember.co.kr/cache/recipe/2015/08/28/f540a4bff2323450e696aa5e586ae5621.jpg
6833507,https://recipe1.ezmember.co.kr/cache/recipe/2015/09/04/5dedcb1fe472039d490a22f036d9c4381.jpg
6833679,https://recipe1.ezmember.co.kr/cache/recipe/2015/09/06/da5381302bf305d19eb0a41e1f7f0ec71.jpg
6833722,https://recipe1.ezmember.co.kr/cache/recipe/2015/09/07/a2e322c7de4c571aeb3d18bfd504d71e1.jpg
6833784,https://recipe1.ezmember.co.kr/cache/recipe/2015/09/07/298e370a2cc389dda3ce1ab05f801ce51.jpg
6834028,https://recipe1.ezmember.co.kr/cache/recipe/2015/09/14/f4aeaf4b03e474aee147c81541ebb9721.jpg
6834151,https://recipe1.ezmember.co.kr/cache/recipe/2015/09/11/f3c6c9d4b862f1613111682fc5b7c7251.png
6834164,https://recipe1.ezmember.co.kr/cache/recipe/2015/09/11/67306ac2d1b651be90155552065821471.jpg
6834187,https://recipe1.ezmember.co.kr/cache/recipe/2015/09/12/99216706b27443968ba0166d7cea15f81.jpg
6834380,https://recipe1.ezmember.co.kr/cache/recipe/2015/09/10/430db2b24a43414be569ae8d36389a211.jpg
6834401,https://recipe1.ezmember.co.kr/cache/recipe/2015/09/15/6e1ffddf8716ae23a48d34fcb2f1cbc21.jpg
6834463,https://recipe1.ezmember.co.kr/cache/recipe/2015/09/16/d0b997f7184705a1b12e835718d2cdfd1.jpg
6834483,https://recipe1.ezmember.co.kr/cache/recipe/2015/09/17/2b6cc9bea7ed63fb4055e2f4a996fa521.jpg
6834613,https://recipe1.ezmember.co.kr/cache/recipe/2015/09/17/6af6fbb45749799ebbd75a5ebef8fe021.jpg
6834728,https://recipe1.ezmember.co.kr/cache/recipe/2015/09/20/8acb2356e8342eef7c9eb19cc3d98b081.jpg
6834733,https://recipe1.ezmember.co.kr/cache/recipe/2015/09/20/e22f773bcff46d2cb580fb002e449f951.jpg
6834779,https://recipe1.ezmember.co.kr/cache/recipe/2015/09/22/fa262efa181c48b5f1c561535c4ddd931.jpg
6834791,https://recipe1.ezmember.co.kr/cache/recipe/2015/09/17/16338394030ed4c769c7fc56b4c8d0df1.jpg
6834797,https://recipe1.ezmember.co.kr/cache/recipe/2015/09/21/ddf2c016d52f0726676ee51eb27b84bb1.jpg
6834813,https://recipe1.ezmember.co.kr/cache/recipe/2015/09/21/b4cae65b121bc593fdeb62bda93a7b7c1.jpg
6834823,https://recipe1.ezmember.co.kr/cache/recipe/2015/09/21/a60be5c0eb6bede460f21687e7c1f3831.jpg
6834932,https://recipe1.ezmember.co.kr/cache/recipe/2015/09/18/f08ee1d5f57f707ff18c1d55a0ef8c691.jpg
6834937,https://recipe1.ezmember.co.kr/cache/recipe/2015/09/23/aeba256b48201e8817bc0821043cdbff1.jpg
6834941,https://recipe1.ezmember.co.kr/cache/recipe/2015/09/23/18b81071e932aaf00bf28e8c9a58ab681.jpg
6835014,https://recipe1.ezmember.co.kr/cache/recipe/2015/09/23/662202d2f8c78f6b5c72f2f8035363a11.jpg
6835057,https://recipe1.ezmember.co.kr/cache/recipe/2015/09/25/b6d5e5f8e8428818956b998f3a065edd1.jpg
6835171,https://recipe1.ezmember.co.kr/cache/recipe/2015/09/26/08e33b22744e49b35328ee466c3898d81.jpg
6835173,https://recipe1.ezmember.co.kr/cache/recipe/2015/09/26/f48f6927fadd30bdb199733e6fc6cf171.jpg
6835256,https://recipe1.ezmember.co.kr/cache/recipe/2015/09/30/f06d2eb9ff0c6ff30247fe422c9236f41.jpg
6835307,https://recipe1.ezmember.co.kr/cache/recipe/2015/09/30/9406e50e834c734d7eb85f22ca72c40b1.jpg
6835315,https://recipe1.ezmember.co.kr/cache/recipe/2015/10/01/38714e7ac4c7515aadb3a583dc4ff3ca1.jpg
6835365,https://recipe1.ezmember.co.kr/cache/recipe/2015/10/01/ca16f29f25c78c6e34cba49a6062add41.jpg
6835506,https://recipe1.ezmember.co.kr/cache/recipe/2015/10/03/98c0bb77471f597b2937ecc833e78de51.jpg
6835633,https://recipe1.ezmember.co.kr/cache/recipe/2015/10/05/e0e3bb45cf4729769eee70c851215a871.jpg
6835789,https://recipe1.ezmember.co.kr/cache/recipe/2015/10/07/2702316365670690e362271b173029f61.jpg
6835825,https://recipe1.ezmember.co.kr/cache/recipe/2015/10/08/9d4f7a03da71d59a0c0c44c7e8c816571.jpg
6836313,https://recipe1.ezmember.co.kr/cache/recipe/2015/10/16/50f5b49cef6bd16dca1af4f9a99b378b1.jpg
6836490,https://recipe1.ezmember.co.kr/cache/recipe/2015/10/21/3ea74c3d517093ba0cbd060a48bac0141.jpg
6836497,https://recipe1.ezmember.co.kr/cache/recipe/2015/10/21/2355eee0b1f8cacc4f78556d2e249b761.jpg
6836534,https://recipe1.ezmember.co.kr/cache/recipe/2015/10/21/7785e48f51d580c94d1c73c1baf8a59d1.jpg
6836558,https://recipe1.ezmember.co.kr/cache/recipe/2015/10/21/1df669dafcaf482631fc67dc03e1f8931.jpg
6836599,https://recipe1.ezmember.co.kr/cache/recipe/2015/10/21/f77bb855934e2e8b84abf34059510af61.jpg
6836755,https://recipe1.ezmember.co.kr/cache/recipe/2015/10/23/a219be73a26bf6671d576f22f3dba1ef1.jpg
6836771,https://recipe1.ezmember.co.kr/cache/recipe/2015/10/28/36db16feaacf6280dfb2d8cb0400c7281.jpg
6836797,https://recipe1.ezmember.co.kr/cache/recipe/2015/10/24/fdb63d7ca74643d6f66f6e40353656bc1.jpg
6836841,https://recipe1.ezmember.co.kr/cache/recipe/2015/10/25/84a38ea6897e7374007cf4c6f9b422b61.jpg
6836864,https://recipe1.ezmember.co.kr/cache/recipe/2015/10/26/248000713797abe11d87e4595b27ff7d1.jpg
6836867,https://recipe1.ezmember.co.kr/cache/recipe/2015/10/26/cb26f6a604b9443484cad804225633af1.jpg
6836977,https://recipe1.ezmember.co.kr/cache/recipe/2015/10/30/2f552ec53ac8242eec604954efda1f9e1.jpg
6837009,https://recipe1.ezmember.co.kr/cache/recipe/2015/10/29/8bce5adc810348400d1db19f187138ea1.jpg
6837035,https://recipe1.ezmember.co.kr/cache/recipe/2015/10/28/bec2d570e90d6c7e713bd1bd755c904d1.jpg
6837388,https://recipe1.ezmember.co.kr/cache/recipe/2015/11/30/6ddd3c8ad8bfdee44b2758f986800daf1.jpg
6837571,https://recipe1.ezmember.co.kr/cache/recipe/2015/11/29/6c57e0e3fbeb51dedcfaeec0cdb700df1.jpg
6837640,https://recipe1.ezmember.co.kr/cache/recipe/2015/11/06/1e2c6d915c2ea637e6c8ef04b95c1d251.jpg
6837683,https://recipe1.ezmember.co.kr/cache/recipe/2015/11/07/0366018221a1232010d006bf0990de0e1.jpg
6837937,https://recipe1.ezmember.co.kr/cache/recipe/2015/11/11/15fb65dcc4a4802ca89bb41e4698f3651.jpg
6838037,https://recipe1.ezmember.co.kr/cache/recipe/2015/11/13/8964c70360185723aa9d452cf203c2cc1.jpg
6838087,https://recipe1.ezmember.co.kr/cache/recipe/2015/11/10/8ad2111eb9b7a4a8bd6103eb6faa0eb91.jpg
6838288,https://recipe1.ezmember.co.kr/cache/recipe/2015/11/18/de01a56d593a6116343b577ecb0fa1f01.jpg
6838393,https://recipe1.ezmember.co.kr/cache/recipe/2015/11/19/3d6269143f9558e7b53675dfd456e7021.jpg
6838489,https://recipe1.ezmember.co.kr/cache/recipe/2015/11/21/3173ee7ac26b1249e7e354d68cc7a4051.jpg
6838536,https://recipe1.ezmember.co.kr/cache/recipe/2015/11/22/cf0c1449b04ebf2af32fef98b6d21aac1.jpg
6838538,https://recipe1.ezmember.co.kr/cache/recipe/2015/11/23/802fb8fcbe99d7e8514f16a46e6a82e81.jpg
6838598,https://recipe1.ezmember.co.kr/cache/recipe/2015/11/24/1e3ea52c27a6cc62b40840c0e14ebbee1.jpg
6838750,https://recipe1.ezmember.co.kr/cache/recipe/2015/11/26/8c67f46e737e981f2c1cf6c07a8be6ec1.jpg
6838848,https://recipe1.ezmember.co.kr/cache/recipe/2015/11/29/68c1fb69e2d8ef399b3fdde6775af0371.jpg
6838939,https://recipe1.ezmember.co.kr/cache/recipe/2015/12/01/fdf26e2015fbb48ca7ad27ad55529ca11.jpg
6838964,https://recipe1.ezmember.co.kr/cache/recipe/2015/12/01/e9d3431f9c62f1cf3c98ed131f1ad2cb1.jpg
6839141,https://recipe1.ezmember.co.kr/cache/recipe/2015/12/03/6d411e47859bbeed1537b78d594f45641.jpg
6839298,https://recipe1.ezmember.co.kr/cache/recipe/2015/12/07/7086688b0ab427834bcbec20662e10c81.jpg
6839299,https://recipe1.ezmember.co.kr/cache/recipe/2015/12/29/385a77b2b85b7a1d02ba4cab7e5f75801.jpg
6839413,https://recipe1.ezmember.co.kr/cache/recipe/2015/12/08/0d2249438aac593752292c6380dbb5c41.jpg
6839453,https://recipe1.ezmember.co.kr/cache/recipe/2015/12/09/e46faf1ab03c02c3493a4759ddd80d7d1.jpg
6839459,https://recipe1.ezmember.co.kr/cache/recipe/2015/12/22/4e97f41b6da9c8d3e6118eac135b51671.jpg
6839923,https://recipe1.ezmember.co.kr/cache/recipe/2015/12/15/eb3850115acce437cd82dcd980e1f9a61.jpg
6840021,https://recipe1.ezmember.co.kr/cache/recipe/2015/12/17/b611d31a88225e273ecee29cad8fc31a1.jpg
6840198,https://recipe1.ezmember.co.kr/cache/recipe/2015/12/17/f206afb98a8dc9834d1b79de94a9bd7a1.jpg
6840275,https://recipe1.ezmember.co.kr/cache/recipe/2015/12/19/912c96040fe2fdda1a4778a2fd1ab8071.jpg
6840441,https://recipe1.ezmember.co.kr/cache/recipe/2015/12/22/cfc23da07536c1aac38f691f48a690081.jpg
6840909,https://recipe1.ezmember.co.kr/cache/recipe/2015/12/19/db415cb2b1409d1ba1c337d373e089ad1.jpg
6840928,https://recipe1.ezmember.co.kr/cache/recipe/2015/12/30/9dab32047197ca09e18df62d778d7b511.jpg
6840931,https://recipe1.ezmember.co.kr/cache/recipe/2015/12/30/74aea4e4633a38501be67fbb1291a95a1.jpg
6840937,https://recipe1.ezmember.co.kr/cache/recipe/2015/12/30/f730871ce0881c6dd729c149388e68f11.jpg
6840962,https://recipe1.ezmember.co.kr/cache/recipe/2016/01/01/58c3dcb75b49611a158209abaa03f3c41.jpg
6840967,https://recipe1.ezmember.co.kr/cache/recipe/2016/01/01/2d5e702ef1c173fd90933ab90fd096f11.jpg
6840986,https://recipe1.ezmember.co.kr/cache/recipe/2016/01/02/28cda74bd44f563f397b8e1d79d6f7251.jpg
6841058,https://recipe1.ezmember.co.kr/cache/recipe/2016/01/04/35faed6bcc2075ac0d4cf077e9be8e3e1.jpg
6841070,https://recipe1.ezmember.co.kr/cache/recipe/2016/01/04/ff5a6ad52fd83cc70be1b84415094b1e1.jpg
6841185,https://recipe1.ezmember.co.kr/cache/recipe/2016/01/07/b15bf362a03d4d3834b0d4d95a30423b1.jpg
6841215,https://recipe1.ezmember.co.kr/cache/recipe/2016/01/07/aca47cce595fbe2b4a0c1f6734131d581.jpg
6841238,https://recipe1.ezmember.co.kr/cache/recipe/2016/01/06/aa9c9d46825fc4fb0c5c27ca466b22cf1.jpg
6841263,https://recipe1.ezmember.co.kr/cache/recipe/2015/11/11/26e120a687c1944689057d89e4e8fc641.jpg
6841270,https://recipe1.ezmember.co.kr/cache/recipe/2016/01/08/ba8e6f4b73a0e2eb403c51a8537f49fa1.jpg
6841305,https://recipe1.ezmember.co.kr/cache/recipe/2016/01/08/7dc2b193e9dcdb402adedba76ec734811.jpg
6841362,https://recipe1.ezmember.co.kr/cache/recipe/2016/01/10/9d5f13b60b8c9aa352fceeae9b9933c21.jpg
6841521,https://recipe1.ezmember.co.kr/cache/recipe/2016/01/13/93197f9fc9d139d5e3ea4967ae42822c1.jpg
6841751,https://recipe1.ezmember.co.kr/cache/recipe/2016/01/18/78362d043951283086016fe00e94e9b51.jpg
6841762,https://recipe1.ezmember.co.kr/cache/recipe/2016/01/18/630ccb3ae682bcdf6ef081353e38b8b41.jpg
6841853,https://recipe1.ezmember.co.kr/cache/recipe/2016/01/19/579fd678781d3c780f7f526c72e8419f1.jpg
6842002,https://recipe1.ezmember.co.kr/cache/recipe/2016/01/23/ba64a82b0eccac01d8cda02b05f9d5de1.jpg
6842064,https://recipe1.ezmember.co.kr/cache/recipe/2016/01/27/64d3d39262390f7a9b5742caff05cfbc1.jpg
6842108,https://recipe1.ezmember.co.kr/cache/recipe/2016/01/24/0d1b5e4ea5bfc1bb3bfdd2bb6bc2546a1.jpg
6842131,https://recipe1.ezmember.co.kr/cache/recipe/2016/01/26/9e6df6c6fb7550dd13fb82cd196963f01.jpg
6842132,https://recipe1.ezmember.co.kr/cache/recipe/2016/01/26/4248d0a08b43c6ae340179adf266a9851.jpg
6842143,https://recipe1.ezmember.co.kr/cache/recipe/2016/01/26/260a9523f81737159cc51fd67520fc131.jpg
6842576,https://recipe1.ezmember.co.kr/cache/recipe/2016/02/03/963b5475ee25f428cf9ac4cf46c9e2191.jpg
6842625,https://recipe1.ezmember.co.kr/cache/recipe/2016/02/05/a73f86e124a1ae578101fc6e9c6415641.jpg
6842655,https://recipe1.ezmember.co.kr/cache/recipe/2016/02/05/816710a9bad6ff4be6a341790596c5f91.jpg
6842664,https://recipe1.ezmember.co.kr/cache/recipe/2016/02/05/98e8065341390ac7aa68dd9a173017dd1.jpg
6842726,https://recipe1.ezmember.co.kr/cache/recipe/2016/02/07/1b858f3beb15d990131e9b1a13df782c1.jpg
6842847,https://recipe1.ezmember.co.kr/cache/recipe/2016/02/11/851a0d94770059d9c9038cbc1f514ebc1.jpg
6843062,https://recipe1.ezmember.co.kr/cache/recipe/2016/02/17/39bb9a424330d5688badbeefa4561f7b1.jpg
6843154,https://recipe1.ezmember.co.kr/cache/recipe/2016/02/14/891cfc5d1c9d9183658989201edfd1b81.jpg
6843222,https://recipe1.ezmember.co.kr/cache/recipe/2016/01/19/a6bbd95d2c3deedc1ed816f50917d5051.jpg
6843424,https://recipe1.ezmember.co.kr/cache/recipe/2016/02/21/0e69fbd9b2b939988052c7a583483c481.jpg
6843468,https://recipe1.ezmember.co.kr/cache/recipe/2016/02/22/b1f7f200a3b58aabeaf8fa46a18d76ea1.jpg
6843611,https://recipe1.ezmember.co.kr/cache/recipe/2016/02/24/b64d6852e217a262e655df174c13e4411.jpg
6843682,https://recipe1.ezmember.co.kr/cache/recipe/2016/02/26/5acabf66291f17e7d3c92caad458a93c1.jpg
6843887,https://recipe1.ezmember.co.kr/cache/recipe/2016/03/01/23e65e1a3d72d5b5784ad870d06610041.jpg
6843896,https://recipe1.ezmember.co.kr/cache/recipe/2016/03/02/f020a1cb5d01aae19d4aef31c543f1f91.jpg
6844125,https://recipe1.ezmember.co.kr/cache/recipe/2016/03/05/0e0c353965a306e4af057a89c504130f1.jpg
6844134,https://recipe1.ezmember.co.kr/cache/recipe/2016/03/06/383622a43e04ed958875f2857f9d07701.jpg
6844140,https://recipe1.ezmember.co.kr/cache/recipe/2016/02/28/5ad703ae26b3afd7be214701b93409361.jpg
6844164,https://recipe1.ezmember.co.kr/cache/recipe/2016/03/06/e09a2eb4deca04adb9d11bea3b46969b1.jpg
6844215,https://recipe1.ezmember.co.kr/cache/recipe/2016/03/07/d44ecc0f54dedf76a20dbe85882efa7e1.jpg
6844245,https://recipe1.ezmember.co.kr/cache/recipe/2016/03/07/21e2b682d7b21aeca0882ce28fdcf2031.jpg
6844342,https://recipe1.ezmember.co.kr/cache/recipe/2016/03/09/4e10e233bafbdc8ed3c75552dd3aab7c1.jpg
6844423,https://recipe1.ezmember.co.kr/cache/recipe/2016/03/10/3307fa26f532a5d30d8b3a19ec22f2cd1.jpg
6844505,https://recipe1.ezmember.co.kr/cache/recipe/2016/03/11/ec480c64b1b675dbb155d31b9860a7f71.jpg
6844587,https://recipe1.ezmember.co.kr/cache/recipe/2016/03/13/585be7361bc83f9160a85481c368efcd1.jpg
6844621,https://recipe1.ezmember.co.kr/cache/recipe/2016/03/13/f206753d4bfabc0242c06ac7c39b05c31.jpg
6844624,https://recipe1.ezmember.co.kr/cache/recipe/2016/03/13/68745764d74e649f58c1f1ee6bd020e71.jpg
6844781,https://recipe1.ezmember.co.kr/cache/recipe/2016/03/16/26fb95052daaedb6b98cdd33a387f0941.jpg
6844865,https://recipe1.ezmember.co.kr/cache/recipe/2016/03/17/09d186bd3ca44ca4d4d7b1921a564bbd1.jpg
6844931,https://recipe1.ezmember.co.kr/cache/recipe/2016/03/18/fd835370c1f2ed3c84f1f3c4150b49d61.jpg
6845055,https://recipe1.ezmember.co.kr/cache/recipe/2016/03/21/96a440dbbee554e8391f0515e2bad3df1.jpg
6845117,https://recipe1.ezmember.co.kr/cache/recipe/2016/03/22/e6b245e59df8c13fd311b1378adaccf51.jpg
6845189,https://recipe1.ezmember.co.kr/cache/recipe/2016/03/23/f94ec26c26eac86c968fde6baac5491d1.jpg
6845338,https://recipe1.ezmember.co.kr/cache/recipe/2016/03/15/f774d1c157282fc2d5394e6e40ffe6a91.jpg
6845348,https://recipe1.ezmember.co.kr/cache/recipe/2016/03/25/1e519539d4c9e4ca42db6d473926f1121.jpg
6845397,https://recipe1.ezmember.co.kr/cache/recipe/2016/03/28/84482ea06afe27fe9ca3c8531cdfa2721.jpg
6845428,https://recipe1.ezmember.co.kr/cache/recipe/2016/03/27/3b2359adaaaff4853eecfa07a04ac3a71.jpg
6845503,https://recipe1.ezmember.co.kr/cache/recipe/2016/03/28/12a9efba94e4ea7b2bd0574b31246f201.jpg
6845627,https://recipe1.ezmember.co.kr/cache/recipe/2016/03/29/ef7c13c5ae9a2bae490f87bb870d8a611.jpg
6845769,https://recipe1.ezmember.co.kr/cache/recipe/2016/04/01/bcae0430eec9d9e811cfc9e1f0ba19381.jpg
6845845,https://recipe1.ezmember.co.kr/cache/recipe/2016/04/03/ad0397b079c98bb4eb290a13eec49bea1.jpg
6845892,https://recipe1.ezmember.co.kr/cache/recipe/2016/04/04/14ffe19b6371fcff3c97a43aad4d281c1.jpg
6845916,https://recipe1.ezmember.co.kr/cache/recipe/2016/04/04/0d05e10273f3f74491e874d5f2d9dc021.jpg
6846237,https://recipe1.ezmember.co.kr/cache/recipe/2016/04/11/04a77eea2140453b87cfd0f70a2ec2ee1.jpg
6846247,https://recipe1.ezmember.co.kr/cache/recipe/2016/04/11/92088d85a4007504e40257d85cd159181.jpg
6846384,https://recipe1.ezmember.co.kr/cache/recipe/2016/04/13/8a14e5743999d5c23da35b41a6dfe2ce1.jpg
6846462,https://recipe1.ezmember.co.kr/cache/recipe/2016/04/14/0e67a1f99322e8fb7f34817173ab24fb1.jpg
6846616,https://recipe1.ezmember.co.kr/cache/recipe/2016/04/07/52cf9a05ee1850625d993d805fc637001.jpg
6846653,https://recipe1.ezmember.co.kr/cache/recipe/2016/04/18/d0c7e3f4784beb4836ef3762359d2cc41.jpg
6846745,https://recipe1.ezmember.co.kr/cache/recipe/2016/04/20/228751af55ce6d336779d96a181725d11.jpg
6846759,https://recipe1.ezmember.co.kr/cache/recipe/2016/04/20/fb80c277b6cd69b7d0b19ca5dc540aa91.jpg
6846916,https://recipe1.ezmember.co.kr/cache/recipe/2016/04/22/8e8d26b8f9a2fef59896ba3e9fc22c0c1.jpg
6846926,https://recipe1.ezmember.co.kr/cache/recipe/2016/04/22/331cddacd5a11c3516bc5aaedd6401161.jpg
6846970,https://recipe1.ezmember.co.kr/cache/recipe/2016/04/23/5a6542548d9fe4194b0ac151ff68d7211.jpg
6847114,https://recipe1.ezmember.co.kr/cache/recipe/2016/04/07/568ff3814e4c53010e4ce551db5807391.jpg
6847135,https://recipe1.ezmember.co.kr/cache/recipe/2016/04/26/5a7893a01337c83b9b208ffa00efef6c1.jpg
6847139,https://recipe1.ezmember.co.kr/cache/recipe/2016/04/25/bdf180046b6ea210351baad5147d25001.jpg
6847405,https://recipe1.ezmember.co.kr/cache/recipe/2016/05/03/19b73c763ef17d3b0430aaeb818311601.jpg
6847532,https://recipe1.ezmember.co.kr/cache/recipe/2016/05/03/9c5916f3ae699595121eae4db20289501.jpg
6847535,https://recipe1.ezmember.co.kr/cache/recipe/2016/05/03/5d63ca58ba010f0d92098d74a2eb8ed41.jpg
6847659,https://recipe1.ezmember.co.kr/cache/recipe/2016/05/06/173ecd6a60f5bf3aca0976484ae0f80f1.jpg
6848101,https://recipe1.ezmember.co.kr/cache/recipe/2016/05/13/53eb6382e8f4f2aeca13dabf431784cd1.jpg
6848126,https://recipe1.ezmember.co.kr/cache/recipe/2016/05/11/d8c6130a545607688e2f36864cf1f95d1.jpg
6848354,https://recipe1.ezmember.co.kr/cache/recipe/2016/05/29/3dfd53ca99843fba47bc8f336f28b3d71.jpg
6848399,https://recipe1.ezmember.co.kr/cache/recipe/2016/05/18/ff97a1c149c150c117a26bd832ce64551.jpg
6848408,https://recipe1.ezmember.co.kr/cache/recipe/2016/05/18/0b09cf46434b27845ae2084e00cb2a5b1.jpg
6849775,https://recipe1.ezmember.co.kr/cache/recipe/2016/05/23/0fcd5de1849041b5b06a52a96cc7eb341.png
6849797,https://recipe1.ezmember.co.kr/cache/recipe/2016/05/23/1a21642077fda9d5b9beecf5afec1b101.jpg
6849800,https://recipe1.ezmember.co.kr/cache/recipe/2016/05/24/f1e99846ecb63ec0c89d16a1e335068a1.jpg
6849814,https://recipe1.ezmember.co.kr/cache/recipe/2016/05/24/079dffb7370befba38a3425b5f4d08da1.jpg
6850043,https://recipe1.ezmember.co.kr/cache/recipe/2016/05/27/607267b319caa60d2ce7912bd3c887841.jpg
6850144,https://recipe1.ezmember.co.kr/cache/recipe/2016/05/30/62481ef81515033501e9686b7b6b2fa01.jpg
6850349,https://recipe1.ezmember.co.kr/cache/recipe/2016/06/02/ad8974b4816c656c4cd1976d3f487a161.jpg
6850376,https://recipe1.ezmember.co.kr/cache/recipe/2016/06/02/0a4aaec2c4ab8b1f5bb7b5867cdc9c251.jpg
6850409,https://recipe1.ezmember.co.kr/cache/recipe/2016/06/03/3663abfe060dbc8076482f30dfc9863f1.jpg
6850454,https://recipe1.ezmember.co.kr/cache/recipe/2016/06/04/4125852aff8e159e49f8e2d3407285af1.jpg
6850537,https://recipe1.ezmember.co.kr/cache/recipe/2016/06/07/f82a114befd6fe7609d1ef6cbbf6b93e1.jpg
6850543,https://recipe1.ezmember.co.kr/cache/recipe/2016/06/07/6fedff73c4c1d8f36c2e677ff49f54521.jpg
6850678,https://recipe1.ezmember.co.kr/cache/recipe/2016/06/08/6db0b4b74232d91030f13c5fecc899241.jpg
6850810,https://recipe1.ezmember.co.kr/cache/recipe/2016/06/12/083bdad8213e44d380da937e72bd3ab31.jpg
6850997,https://recipe1.ezmember.co.kr/cache/recipe/2016/06/15/8e8424a26f20482f3edfe4dbf77a23a81.jpg
6851139,https://recipe1.ezmember.co.kr/cache/recipe/2016/06/17/78bcaa82343bc6179bfa69ff32f92f901.jpg
6851141,https://recipe1.ezmember.co.kr/cache/recipe/2016/06/17/a952a12e7e8fe07d5d628eda2b64036b1.jpg
6851310,https://recipe1.ezmember.co.kr/cache/recipe/2016/06/20/fabc58031ce19e3a31195a6071b5c1a41.jpg
6851792,https://recipe1.ezmember.co.kr/cache/recipe/2016/06/29/e72edf5c3976b23202cb41793aca87dc1.jpg
6851821,https://recipe1.ezmember.co.kr/cache/recipe/2016/06/29/0140e254a0d32b8d1556d42daad6a16d1.jpg
6851924,https://recipe1.ezmember.co.kr/cache/recipe/2016/06/28/0a3fdad519403cc4ae3cd8186387dd271.jpg
6852004,https://recipe1.ezmember.co.kr/cache/recipe/2016/07/02/b49944a08b76630dfbcd6082b03329991.jpg
6852264,https://recipe1.ezmember.co.kr/cache/recipe/2016/07/06/c2c6711e6d3b8e6a2751f3ba88516f781.jpg
6852522,https://recipe1.ezmember.co.kr/cache/recipe/2016/07/11/543d2f22eec1048ec7074f5fe0b092311.jpg
6852574,https://recipe1.ezmember.co.kr/cache/recipe/2016/07/12/064c7d53fbb547ac3f8796ce172637011.jpg
6852722,https://recipe1.ezmember.co.kr/cache/recipe/2016/07/14/310d7d4f072034d7e4181e056e5ff8da1.jpg
6853013,https://recipe1.ezmember.co.kr/cache/recipe/2016/07/19/9e49340de7adedc2a297e88e8dbfc9d91.jpg
6853053,https://recipe1.ezmember.co.kr/cache/recipe/2016/07/19/5a59c7519a2b6242c29b15038968ffcf1.jpg
6853098,https://recipe1.ezmember.co.kr/cache/recipe/2016/07/20/8573bcdcf3ce7d4e3bbe4fe336d21dc11.jpg
6853133,https://recipe1.ezmember.co.kr/cache/recipe/2016/07/20/b071de5d30648fb9f39f0355bb63857a1.jpg
6853164,https://recipe1.ezmember.co.kr/cache/recipe/2016/07/21/acfc6a66e670cf33127953183bf6c9e21.jpg
6853166,https://recipe1.ezmember.co.kr/cache/recipe/2016/07/21/f37b39258fb3758268ffd7b00a2711bb1.jpg
6853793,https://recipe1.ezmember.co.kr/cache/recipe/2016/07/31/a248a8fb9b054d82be1f4aa33fc09a241.jpg
6853811,https://recipe1.ezmember.co.kr/cache/recipe/2016/08/01/ee814d8e06d3eff84f99bda6740ff79d1.jpg
6853927,https://recipe1.ezmember.co.kr/cache/recipe/2016/08/02/3d75671258afa36db7834289d3d090dd1.jpg
6853998,https://recipe1.ezmember.co.kr/cache/recipe/2016/08/03/e6e2d7b52117790de1f856a318b70ed71.jpg
6854379,https://recipe1.ezmember.co.kr/cache/recipe/2016/08/10/2a83186db4378d21b079a85b4a2db2f91.jpg
6854600,https://recipe1.ezmember.co.kr/cache/recipe/2016/08/14/b69d3df3cb8655dc962aa8a2696b0b471.jpg
6855094,https://recipe1.ezmember.co.kr/cache/recipe/2016/08/22/9adc06fe8ea602f22ec037bfb57e87ec1.jpg
6855234,https://recipe1.ezmember.co.kr/cache/recipe/2016/08/24/50085cf11922fc465cf646b414cd51271.jpg
6855273,https://recipe1.ezmember.co.kr/cache/recipe/2016/08/24/f083d68055f5643591207ceb202c2e631.jpg
6855287,https://recipe1.ezmember.co.kr/cache/recipe/2016/08/24/f10e9cd014e9cc59ee54194e6c5da0ea1.jpg
6855458,https://recipe1.ezmember.co.kr/cache/recipe/2016/08/28/4a90cc6f00ab499a805af7d246eda8221.jpg
6856315,https://recipe1.ezmember.co.kr/cache/recipe/2016/09/02/81dd9dd58fbbb7c30a3ea39c36adab911.jpg
6856597,https://recipe1.ezmember.co.kr/cache/recipe/2016/09/06/209d20bf710370996e378baa5c5204c61.jpg
6856632,https://recipe1.ezmember.co.kr/cache/recipe/2016/09/07/dc55f75b8bc9d17a51c5e7188bca7e691.jpg
6856752,https://recipe1.ezmember.co.kr/cache/recipe/2016/09/09/413ce3fcc68938b71d372f74eae4e77d1.jpg
6856791,https://recipe1.ezmember.co.kr/cache/recipe/2016/09/10/542685ff1ce0d3d3a642b4ba991c9b581.jpg
6856799,https://recipe1.ezmember.co.kr/cache/recipe/2016/09/10/b06fe7e00197fe6258b6fd73a653b3631.jpg
6856825,https://recipe1.ezmember.co.kr/cache/recipe/2016/09/11/a98996509655a94acc4e656bb2b5eebe1.jpg
6857032,https://recipe1.ezmember.co.kr/cache/recipe/2016/09/16/18777ddd03109d49464b0c7b09a661f31.jpg
6857037,https://recipe1.ezmember.co.kr/cache/recipe/2016/09/16/43cecc0ff7d93863e8f5f3f2ef5307691.jpg
6857087,https://recipe1.ezmember.co.kr/cache/recipe/2016/09/18/5900fed7d7114a0c00dc956cacd69ef51.jpg
6857345,https://recipe1.ezmember.co.kr/cache/recipe/2016/09/23/655bb9c1add0ccadbab407a064db8bc11.jpg
6857496,https://recipe1.ezmember.co.kr/cache/recipe/2016/09/26/c26199c07be2d727fe979384bb5735891.jpg
6857560,https://recipe1.ezmember.co.kr/cache/recipe/2016/09/27/79ef1c5ccba3a4a92ca5bb0b6c1aaffe1.jpg
6857617,https://recipe1.ezmember.co.kr/cache/recipe/2016/04/27/fbab36027720b7eeab4bb82d410700031.jpg
6857619,https://recipe1.ezmember.co.kr/cache/recipe/2016/09/28/6a4a16034874ee7e53ba0851633b7c941.jpg
6857660,https://recipe1.ezmember.co.kr/cache/recipe/2016/09/29/3f7ada743fb7b4bec3d06082671621f21.jpg
6857880,https://recipe1.ezmember.co.kr/cache/recipe/2016/10/04/8ce866c7ccaa6b117d5d37b240e8c7bb1.jpg
6858291,https://recipe1.ezmember.co.kr/cache/recipe/2016/10/12/f2393c4158a7d6c3f966390d043e3e161.jpg
6858386,https://recipe1.ezmember.co.kr/cache/recipe/2016/10/13/9652a6c1b6e749fa9008f8f7f60000331.jpg
6858821,https://recipe1.ezmember.co.kr/cache/recipe/2016/10/21/234eb79d407d2d2cfea28b6df6c3e4c51.jpg
6858932,https://recipe1.ezmember.co.kr/cache/recipe/2016/10/24/1f479411be844ac5f0d00ace1f37e1d61.jpg
6859279,https://recipe1.ezmember.co.kr/cache/recipe/2016/10/27/d72676866bfb6aa26422c94c798f850d1.jpg
6859359,https://recipe1.ezmember.co.kr/cache/recipe/2016/10/28/75d33e0586f178459452cad03f7975681.jpg
6859427,https://recipe1.ezmember.co.kr/cache/recipe/2016/10/29/c5ef15fb7d97b8f9c073cd5438b4f76b1.jpg
6859486,https://recipe1.ezmember.co.kr/cache/recipe/2016/10/31/2edea60473ddafaf06e062edd2fcaa0e1.jpg
6859748,https://recipe1.ezmember.co.kr/cache/recipe/2016/11/03/f337d9bbd1d7b00b32975212f75ed4e11.jpg
6860059,https://recipe1.ezmember.co.kr/cache/recipe/2016/11/07/b4e7acf10d03c666cb9d410d21108bd31.png
6860177,https://recipe1.ezmember.co.kr/cache/recipe/2016/11/08/91952d4b8c916cfbc41e344fb2fb9a521.jpg
6860240,https://recipe1.ezmember.co.kr/cache/recipe/2016/11/08/32de089637fd1abcaa073bb81ebbd0e71.jpg
6860461,https://recipe1.ezmember.co.kr/cache/recipe/2016/11/11/b5042af5e2e3fce689a57e335f2354181.jpg
6860485,https://recipe1.ezmember.co.kr/cache/recipe/2016/11/11/32fb23f2dbbf45c4ec27f05579b305ba1.jpg
6860530,https://recipe1.ezmember.co.kr/cache/recipe/2016/11/12/293469edc8e8d8575edfa406ca3742541.jpg
6860645,https://recipe1.ezmember.co.kr/cache/recipe/2016/11/14/445bf0fe47582d12f35db2f8564015fa1.jpg
6860931,https://recipe1.ezmember.co.kr/cache/recipe/2016/11/17/2eee06869cf9a01e4593b9dc89f75bda1.jpg
6861040,https://recipe1.ezmember.co.kr/cache/recipe/2016/11/17/528d152d8ed91005c5ee3050f5ba191c1.jpg
6861313,https://recipe1.ezmember.co.kr/cache/recipe/2016/11/20/95412cbf3aa8952c0ea96479f1f1d0811.jpg
6861420,https://recipe1.ezmember.co.kr/cache/recipe/2016/11/22/ac62170a18dd05a368f04837e2ee1a371.jpg
6861438,https://recipe1.ezmember.co.kr/cache/recipe/2016/11/22/de33fc5357a883d2ca418a184f6ae8f21.jpg
6861466,https://recipe1.ezmember.co.kr/cache/recipe/2016/11/23/511a15417a8e12cee9e6c8a9aaa9ae221.jpg
6861542,https://recipe1.ezmember.co.kr/cache/recipe/2016/11/24/d0481fd07ba6b24fa3977d3b156eb5621.jpg
6861644,https://recipe1.ezmember.co.kr/cache/recipe/2016/11/25/0ea0b49361e565045b9260476457bc021.jpg
6861740,https://recipe1.ezmember.co.kr/cache/recipe/2016/11/27/c8493991feb7dba692c8fc00c06c08ce1.jpg
6861966,https://recipe1.ezmember.co.kr/cache/recipe/2016/12/01/b1b06f951d841f4b056593b6b4ca68651.jpg
6862068,https://recipe1.ezmember.co.kr/cache/recipe/2016/12/02/56ac47b36f8783407904519019470f691.jpg
6862119,https://recipe1.ezmember.co.kr/cache/recipe/2016/12/04/09e44cd1a9f69a1ac65aca5fd24743e81.jpg
6862192,https://recipe1.ezmember.co.kr/cache/recipe/2016/12/05/fc4b619ec1101927f7e8bf1cd9ccb26f1.jpg
6862221,https://recipe1.ezmember.co.kr/cache/recipe/2016/12/06/895ced1b8716aeb7c6a9ba8c48da3b461.jpg
6862390,https://recipe1.ezmember.co.kr/cache/recipe/2016/12/09/de50791b226278ea8f93bbbd06ac29741.jpg
6862505,https://recipe1.ezmember.co.kr/cache/recipe/2016/12/12/ebc9a92ae5c0b2a4874a1e2d024a28ee1.jpg
6862580,https://recipe1.ezmember.co.kr/cache/recipe/2016/12/13/822c3c1f30397aa4f86651650c3ed4d01.jpg
6862642,https://recipe1.ezmember.co.kr/cache/recipe/2016/12/15/fba2b891a331037235b081eaa8f60bae1.jpg
6862746,https://recipe1.ezmember.co.kr/cache/recipe/2016/12/17/cacc21a00007d6b4422ca6594ef2e2181.jpg
6862838,https://recipe1.ezmember.co.kr/cache/recipe/2016/12/19/6463b4ac3b9e19ff28aef32ee24ae1451.jpg
6862875,https://recipe1.ezmember.co.kr/cache/recipe/2016/12/20/ba6f9f0968908587d7f85af62b1f4cab1.jpg
6862922,https://recipe1.ezmember.co.kr/cache/recipe/2016/12/20/882090624c258bd2c25dbd7e54d8dc861.jpg
6863037,https://recipe1.ezmember.co.kr/cache/recipe/2016/12/23/05774bdc66ee4dc6396ad3feea8c4a271.jpg
6863124,https://recipe1.ezmember.co.kr/cache/recipe/2016/12/26/200b1a8e6f3c8ca9b7d9e1ffedc8f1381.jpg
6863235,https://recipe1.ezmember.co.kr/cache/recipe/2016/12/29/e876d5f901effcdf2bfd752977ef8d9e1.jpg
6863391,https://recipe1.ezmember.co.kr/cache/recipe/2017/01/02/5f0ca8158fe9b873c0d634afee28f7041.jpg
6863421,https://recipe1.ezmember.co.kr/cache/recipe/2017/01/03/03ecdee04c26656d0a3db0d9426a427f1.jpg
6863454,https://recipe1.ezmember.co.kr/cache/recipe/2017/01/04/2e1343cf78cfbd022791e1346086d2c61.jpg
6863551,https://recipe1.ezmember.co.kr/cache/recipe/2017/01/05/052ed72d15a4d34aed768879ec181ab01.jpg
6863804,https://recipe1.ezmember.co.kr/cache/recipe/2017/01/11/23b44ebccf069fdedd53ab453a7410ce1.jpg
6863913,https://recipe1.ezmember.co.kr/cache/recipe/2017/01/14/2c2f63aa2982a59cf38af9e260023baf1.jpg
6863974,https://recipe1.ezmember.co.kr/cache/recipe/2017/01/16/4c402c38e21079a4b1192c97e859d64e1.png
6863979,https://recipe1.ezmember.co.kr/cache/recipe/2017/01/16/f74a81f5377386f20567e06d0954477f1.jpg
6864171,https://recipe1.ezmember.co.kr/cache/recipe/2017/01/21/af6e11e7a4c68e712ec951f9e57737db1.jpg
6864240,https://recipe1.ezmember.co.kr/cache/recipe/2017/01/23/2ea615bbedaaf5126c2afa639988be191.jpg
6864304,https://recipe1.ezmember.co.kr/cache/recipe/2017/01/24/562adcc137df98d0d42947868bf145be1.jpg
6864615,https://recipe1.ezmember.co.kr/cache/recipe/2017/02/01/6bf5ed2fdd5caf927c3e038df02e1f3c1.jpg
6864756,https://recipe1.ezmember.co.kr/cache/recipe/2017/02/04/76d5824727e2928293ca25673401ce7f1.jpg
6864761,https://recipe1.ezmember.co.kr/cache/recipe/2017/02/04/fac3e71172642ebf7fd44535980aed231.jpg
6864976,https://recipe1.ezmember.co.kr/cache/recipe/2017/02/08/f1a7d65c07724eae0fdbf7dcbcdf68a21.jpg
6864998,https://recipe1.ezmember.co.kr/cache/recipe/2017/02/09/9a3b2bc947d321ccd60f1ccd5386beee1.jpg
6865146,https://recipe1.ezmember.co.kr/cache/recipe/2017/02/12/94da19cc1e40ff11c7b8fe6a5c3947981.jpg
6865454,https://recipe1.ezmember.co.kr/cache/recipe/2017/02/17/7e39e681dd1b580740f0364ab48ecd281.jpg
6865481,https://recipe1.ezmember.co.kr/cache/recipe/2017/02/18/a094232ac997835dc330f0000269892d1.jpg
6865514,https://recipe1.ezmember.co.kr/cache/recipe/2017/02/19/36d8f69f9b18987ec4f5ca42fc2268381.jpg
6865657,https://recipe1.ezmember.co.kr/cache/recipe/2017/02/21/d9e4e18ad6a94e38abfbf91e3a42752a1.jpg
6865682,https://recipe1.ezmember.co.kr/cache/recipe/2017/02/22/144df56209b4a6de7a4244d996b266e51.jpg
6865936,https://recipe1.ezmember.co.kr/cache/recipe/2017/02/27/9ac47ef11a087071d879bbbc2ef22c1d1.jpg
6866136,https://recipe1.ezmember.co.kr/cache/recipe/2017/03/02/5b3951a30f8885e3fb5b3672467f8dbb1.jpg
6866291,https://recipe1.ezmember.co.kr/cache/recipe/2017/03/05/d01533080bc65832ff3cda6ff177f4f61.jpg
6866359,https://recipe1.ezmember.co.kr/cache/recipe/2017/03/06/64adf9ef75f4ab25f24e6773adca57d31.jpg
6866684,https://recipe1.ezmember.co.kr/cache/recipe/2017/03/11/a1f7800c6066e9f26ef39bf3fe5dba291.jpg
6867017,https://recipe1.ezmember.co.kr/cache/recipe/2017/03/17/87cb0fce86d419aac2d317375bfe48051.jpg
6867058,https://recipe1.ezmember.co.kr/cache/recipe/2017/03/18/fff8d9c22f027a38ed7edeecf55bbcfc1.jpg
6867090,https://recipe1.ezmember.co.kr/cache/recipe/2017/03/19/f60a7f1f42b2c1f5546141721991049b1.jpg
6867093,https://recipe1.ezmember.co.kr/cache/recipe/2017/03/20/ca4a73ad9fcd904219e2280d1df646c91.jpg
6867121,https://recipe1.ezmember.co.kr/cache/recipe/2017/03/13/27ce020db1024df283ae2533a082901f1.jpg
6867292,https://recipe1.ezmember.co.kr/cache/recipe/2017/03/21/77326b3cc3cc16d216ded3cfb65b7d291.jpg
6867421,https://recipe1.ezmember.co.kr/cache/recipe/2017/03/25/72a2741f3cd11a8cf380ededdf91d4041.jpg
6867475,https://recipe1.ezmember.co.kr/cache/recipe/2017/03/27/4248160b5de2a7b3c8e0bf7dae09f6ad1.jpg
6867540,https://recipe1.ezmember.co.kr/cache/recipe/2017/03/28/c7d51b3f7c1ea8e8e9ec0302b827fd401.jpg
6867732,https://recipe1.ezmember.co.kr/cache/recipe/2017/03/31/6af451958f1b0c9589cdce1bb6f474471.jpg
6867877,https://recipe1.ezmember.co.kr/cache/recipe/2017/03/15/fb05ef14f709c10f513d92e72bf3ba001.jpg
6868111,https://recipe1.ezmember.co.kr/cache/recipe/2017/04/08/68421b666facea3ca3d9191ca3aa64c11.jpg
6868183,https://recipe1.ezmember.co.kr/cache/recipe/2017/04/10/29b8c6c3fe81b4c50d620a2bb7498e031.jpg
6868254,https://recipe1.ezmember.co.kr/cache/recipe/2017/04/10/50fe0adf7cc32e79dfca4bb4c859c37e1.jpg
6868281,https://recipe1.ezmember.co.kr/cache/recipe/2017/04/12/20c6dd28b190f9cf2821c856b8caeaa81.jpg
6868459,https://recipe1.ezmember.co.kr/cache/recipe/2017/04/13/514dd8b8aadb953ece7255900ca3e3bb1.jpg
6868460,https://recipe1.ezmember.co.kr/cache/recipe/2017/04/15/b7d1009e210579aef0ec52d163b454221.jpg
6868492,https://recipe1.ezmember.co.kr/cache/recipe/2017/04/16/e149f08ea04130935c396c10e0a581e81.jpg
6868702,https://recipe1.ezmember.co.kr/cache/recipe/2017/04/20/d7e2c4540ebeaba41db5e6a599682a311.jpg
6868713,https://recipe1.ezmember.co.kr/cache/recipe/2017/02/16/b78cce76a27c5972b817c6a7ed91c08e1.jpg
6868779,https://recipe1.ezmember.co.kr/cache/recipe/2017/04/19/ce5fa4bf122eea5b8ae3449a639377a41.jpg
6868832,https://recipe1.ezmember.co.kr/cache/recipe/2017/04/22/49eb531b3222c36f200320e909b38a6e1.jpg
6869067,https://recipe1.ezmember.co.kr/cache/recipe/2017/04/27/36c3886010ac33b1f4a0094ac9521d191.jpg
6869137,https://recipe1.ezmember.co.kr/cache/recipe/2017/03/26/527e33a396eab3fc97f6f066621259561.jpg
6869305,https://recipe1.ezmember.co.kr/cache/recipe/2017/05/05/4eb8821690c29e5ce425da2005c0b3ca1.jpg
6869341,https://recipe1.ezmember.co.kr/cache/recipe/2017/05/05/73309c2f07129c1ebfe90472d820fc2c1.jpg
6869351,https://recipe1.ezmember.co.kr/cache/recipe/2017/05/06/d0b38ab22a63ab5bce994360308bfa541.jpg
6869445,https://recipe1.ezmember.co.kr/cache/recipe/2017/05/05/f53ad7fb4eb2550e1cd215526876322e1.jpg
6869781,https://recipe1.ezmember.co.kr/cache/recipe/2017/05/15/84e6833e185619b3f6cbb505616606d01.jpg
6869853,https://recipe1.ezmember.co.kr/cache/recipe/2017/05/16/590c4893a7ddc03ade79d38d74c1f6d51.jpg
6869868,https://recipe1.ezmember.co.kr/cache/recipe/2017/05/16/b00ed308bc14c97906af7865a371ac1d1.jpg
6869922,https://recipe1.ezmember.co.kr/cache/recipe/2017/05/17/f9d0b9ae69446929f532dcb9c36d1c061.jpg
6870206,https://recipe1.ezmember.co.kr/cache/recipe/2017/05/23/06146e93f193eb6c4e5fc0668e0d51911.jpg
6870226,https://recipe1.ezmember.co.kr/cache/recipe/2017/05/24/5d138cd34dd3e93b878f7dd5239500e91.jpg
6870227,https://recipe1.ezmember.co.kr/cache/recipe/2017/05/24/070d8990517813c0abd27cbe7927480e1.jpg
6870248,https://recipe1.ezmember.co.kr/cache/recipe/2017/05/07/c1b3587d1b8440f895b49efc75a6ec971.jpg
6870682,https://recipe1.ezmember.co.kr/cache/recipe/2017/06/02/ea3730a1da371d34409f2d21dcfe71eb1.jpg
6870818,https://recipe1.ezmember.co.kr/cache/recipe/2017/06/06/366a954841653bbbfeb78241f7995dc71.jpg
6870850,https://recipe1.ezmember.co.kr/cache/recipe/2017/06/06/d74c84104bdbd984ff93caa87767605f1.jpg
6871004,https://recipe1.ezmember.co.kr/cache/recipe/2017/06/09/763b6e2523d406f16bfb94045c04907c1.jpg
6871171,https://recipe1.ezmember.co.kr/cache/recipe/2017/06/13/2af3b8c3d1bb33a8726358a9179698cf1.jpg
6871253,https://recipe1.ezmember.co.kr/cache/recipe/2017/06/15/9d5b636b8eb2bad2c5030f76aa52a1c41.jpg
6871411,https://recipe1.ezmember.co.kr/cache/recipe/2017/06/17/1a64edc9e8927b0f152ea0310cd602f81.jpg
6871448,https://recipe1.ezmember.co.kr/cache/recipe/2017/06/19/2756808e5603db7a18c4f5ee9a699ee41.jpg
6871866,https://recipe1.ezmember.co.kr/cache/recipe/2017/06/27/0c81e3fabb2edd2212674ce9389a86b51.jpg
6872070,https://recipe1.ezmember.co.kr/cache/recipe/2017/07/01/c5914eef781428540b895241aea9100f1.jpg
6872169,https://recipe1.ezmember.co.kr/cache/recipe/2017/07/03/6590d15f5f282009d1917ac5ca4b3df61.jpg
6872459,https://recipe1.ezmember.co.kr/cache/recipe/2017/07/09/b6052caca7652c1fd36b2a3754fc13301.jpg
6872582,https://recipe1.ezmember.co.kr/cache/recipe/2017/07/11/80f6781340348041d6f6c97c7d5c6c5b1.jpg
6872869,https://recipe1.ezmember.co.kr/cache/recipe/2017/07/17/5634d69491349ca2fed9675e734a4e831.jpg
6872906,https://recipe1.ezmember.co.kr/cache/recipe/2017/07/18/8ef2583f7a88ffb9a38bafd45e658ea41.jpg
6873085,https://recipe1.ezmember.co.kr/cache/recipe/2017/07/20/ec39d10207ea5b0f412c0c9052eada051.jpg
6873238,https://recipe1.ezmember.co.kr/cache/recipe/2017/07/20/69f5648f3398c429cc8d333fb3f6d7c51.jpg
6873269,https://recipe1.ezmember.co.kr/cache/recipe/2017/08/10/272a6b3d1146215081e90fd426e88ce71.jpg
6873654,https://recipe1.ezmember.co.kr/cache/recipe/2017/07/28/49461acfb44eb399161403dd1734d7b41.jpg
6873710,https://recipe1.ezmember.co.kr/cache/recipe/2017/07/28/33c9bb6dba72ff6b62ae3beccaef30bf1.jpg
6873744,https://recipe1.ezmember.co.kr/cache/recipe/2017/07/29/cbf877d2e21d451839528a4fba64dbf81.jpg
6873750,https://recipe1.ezmember.co.kr/cache/recipe/2017/07/29/27128c3da5a4a448cca7715cc68c2ea21.jpg
6873772,https://recipe1.ezmember.co.kr/cache/recipe/2017/07/30/4c535f70a57bf77fdf4c1c77cfa48dc11.jpg
6874080,https://recipe1.ezmember.co.kr/cache/recipe/2017/08/04/8326f856cfee71c1ce49fcc9d034f6781.jpg
6874149,https://recipe1.ezmember.co.kr/cache/recipe/2017/08/06/f1074c2b74196d74ed0601b86b2218b31.jpg
6874451,https://recipe1.ezmember.co.kr/cache/recipe/2017/08/09/c2425975c10aa9e09bbe2a8ee93fb1361.jpg
6874517,https://recipe1.ezmember.co.kr/cache/recipe/2017/08/10/2d0c108b234498451d717566e5b37f7e1.jpg
6874649,https://recipe1.ezmember.co.kr/cache/recipe/2017/08/13/87b4cbd64cf15604cdd8a35a5bc1d1a61.jpg
6874844,https://recipe1.ezmember.co.kr/cache/recipe/2017/08/16/7f695a6aefc9d2996312e5532e76b7391.jpg
6874930,https://recipe1.ezmember.co.kr/cache/recipe/2017/08/18/04d4baaf4a5601618f2932527760308f1.png
6874985,https://recipe1.ezmember.co.kr/cache/recipe/2017/08/18/91ef9c6c72b6af8bdaf00bebefd62aa71.jpg
6875056,https://recipe1.ezmember.co.kr/cache/recipe/2017/08/21/3665e0b94bf2b463151c4414c784ed991.jpg
6875106,https://recipe1.ezmember.co.kr/cache/recipe/2017/08/21/cad25665f45c6e90847552833cbde94a1.jpg
6875194,https://recipe1.ezmember.co.kr/cache/recipe/2017/08/22/f1a605cfa2e735922e0c39a08fe732e01.jpg
6875200,https://recipe1.ezmember.co.kr/cache/recipe/2017/08/23/7d726096af9c18986743d2c51d2285381.jpg
6875203,https://recipe1.ezmember.co.kr/cache/recipe/2017/08/23/8ac83bc8c0882758c38118e4dc918d511.jpg
6875433,https://recipe1.ezmember.co.kr/cache/recipe/2017/08/23/794105172fbbcc46e581a1cd4f0a638d1.jpg
6875437,https://recipe1.ezmember.co.kr/cache/recipe/2017/08/27/e9474ad03664f3faf6ebb7139e9267921.jpg
6875546,https://recipe1.ezmember.co.kr/cache/recipe/2017/08/29/5d92f444466b0b9c2985207f3838e5451.jpg
6875816,https://recipe1.ezmember.co.kr/cache/recipe/2017/09/04/ad90a1bae77a042ea2a481691c5bda2c1.jpg
6876037,https://recipe1.ezmember.co.kr/cache/recipe/2017/09/08/31478ec7f5869af26a742b9c69adff361.jpg
6876060,https://recipe1.ezmember.co.kr/cache/recipe/2017/09/08/df216c1e1aeab84bf186fa818f910c3e1.jpg
6876120,https://recipe1.ezmember.co.kr/cache/recipe/2017/09/09/1c67a01278c025eba5ef984929000c221.jpg
6876161,https://recipe1.ezmember.co.kr/cache/recipe/2017/09/10/902f95d5da10e7d8041734453921e54a1.jpg
6876582,https://recipe1.ezmember.co.kr/cache/recipe/2017/09/15/cdc0953b23f96c605370042f42d3cdd21.jpg
6876591,https://recipe1.ezmember.co.kr/cache/recipe/2017/09/17/250058e25ee657e098c16bc8b274cc921.jpg
6876665,https://recipe1.ezmember.co.kr/cache/recipe/2017/09/18/c947721270c8b16dc441e9bd31d388481.jpg
6876672,https://recipe1.ezmember.co.kr/cache/recipe/2017/09/18/416aa9530b1a2ada4d4bd976d81474701.jpg
6876679,https://recipe1.ezmember.co.kr/cache/recipe/2017/09/18/13fd72f7df186f28bdc5e51482801d7f1.jpg
6876886,https://recipe1.ezmember.co.kr/cache/recipe/2017/09/21/7256f600af7407fb3035057ca3fac7831.jpg
6876940,https://recipe1.ezmember.co.kr/cache/recipe/2017/09/03/4e692c933417beb54caae01ef9a05f471.jpg
6877012,https://recipe1.ezmember.co.kr/cache/recipe/2017/09/25/5714e0d3dae4ffd37b29fd51f82816d51.jpg
6877017,https://recipe1.ezmember.co.kr/cache/recipe/2017/09/25/497aa6fd6e863666a3ed0a1870abb3221.jpg
6877041,https://recipe1.ezmember.co.kr/cache/recipe/2017/09/19/d584023f46b3bb9e440d2db3d29621421.jpg
6877103,https://recipe1.ezmember.co.kr/cache/recipe/2017/09/26/bab3a0cf0ca4205763154dab4f6c69561.jpg
6877145,https://recipe1.ezmember.co.kr/cache/recipe/2017/09/27/ecb4cec3c9957b666a8216365d0f8b4c1.jpg
6877195,https://recipe1.ezmember.co.kr/cache/recipe/2017/09/27/53fa87f2cb804161ab20ee45e228a6a41.jpg
6877323,https://recipe1.ezmember.co.kr/cache/recipe/2017/09/30/9b8f30805c3d0145a630ba712546dc411.jpg
6877370,https://recipe1.ezmember.co.kr/cache/recipe/2017/10/01/2a1e673503e904fb7dd13565b44ecf6f1.jpg
6877427,https://recipe1.ezmember.co.kr/cache/recipe/2017/09/15/9cdd99f78a74b30291d6e94493ba53131.jpg
6877448,https://recipe1.ezmember.co.kr/cache/recipe/2017/10/04/34a1729e4a89f03f0663a01183708ec11.jpg
6877455,https://recipe1.ezmember.co.kr/cache/recipe/2017/10/04/3837bd9a6a5171a415c7f7937ac315901.jpg
6877500,https://recipe1.ezmember.co.kr/cache/recipe/2017/10/07/5d3ab67d9463208f892b1fcf04dd2efb1.jpg
6877570,https://recipe1.ezmember.co.kr/cache/recipe/2017/10/05/6c865230a20fd7867fc81e7ac746b6361.jpg
6877616,https://recipe1.ezmember.co.kr/cache/recipe/2017/10/10/acf1c267cb185b84fd3e73822c175c7b1.jpg
6877870,https://recipe1.ezmember.co.kr/cache/recipe/2017/10/11/6625c6e51e4267b254302fa3750fd36c1.jpg
6878053,https://recipe1.ezmember.co.kr/cache/recipe/2017/10/17/8a6453aa3dae2234d07b9e5d327443911.jpg
6878657,https://recipe1.ezmember.co.kr/cache/recipe/2017/10/27/af6c8b0d7b52af3f9bdbdfee634e10391.jpg
6879223,https://recipe1.ezmember.co.kr/cache/recipe/2017/11/07/5412366bb9c6f521f6e4950d8e5226e81.jpg
6879275,https://recipe1.ezmember.co.kr/cache/recipe/2017/11/08/296649472915936c694a72bc56f8ca951.jpg
6879446,https://recipe1.ezmember.co.kr/cache/recipe/2017/11/12/357c88be2a183ac44b5dd66c98eff0311.jpg
6879533,https://recipe1.ezmember.co.kr/cache/recipe/2017/11/14/a2d4839b5743d121d4d2b46fdbc9aa5b1.jpg
6879620,https://recipe1.ezmember.co.kr/cache/recipe/2017/11/15/8ddc34b9c7f8a429651c1f6555b1dda01.jpg
6879871,https://recipe1.ezmember.co.kr/cache/recipe/2017/11/21/751ffdf89e3928cfd186c98d2b47c8e31.png
6880034,https://recipe1.ezmember.co.kr/cache/recipe/2017/11/24/2cc341f3129728c1c25a453631e9e5ef1.jpg
6880182,https://recipe1.ezmember.co.kr/cache/recipe/2017/11/28/3c8efc2d33b53c9a3b275e64e998b3b81.jpg
6880607,https://recipe1.ezmember.co.kr/cache/recipe/2017/12/07/c40db0e08883335b3ac47c1a0fb62db21.jpg
6880864,https://recipe1.ezmember.co.kr/cache/recipe/2017/12/12/0006e914299530e95d3b3d4e2688ef241.jpg
6880874,https://recipe1.ezmember.co.kr/cache/recipe/2017/12/12/d28e147b04d1dd3b1568ac5f93d169b01.jpg
6880897,https://recipe1.ezmember.co.kr/cache/recipe/2017/12/11/96dc514f36f4ad94be6a96c5afbfe4af1.jpg
6881090,https://recipe1.ezmember.co.kr/cache/recipe/2017/12/18/80903bd1fff032dcc085a4e16c1c55571.jpg
6881106,https://recipe1.ezmember.co.kr/cache/recipe/2017/12/18/22bd547590bf542df29a27065218c3e71.jpg
6881293,https://recipe1.ezmember.co.kr/cache/recipe/2017/12/23/e05cb54ae328c9da3d05c375fdb807641.jpg
6881327,https://recipe1.ezmember.co.kr/cache/recipe/2017/12/11/772dfecdc89b6942532abd536e96f63c1.jpg
6881716,https://recipe1.ezmember.co.kr/cache/recipe/2018/01/03/ef09bf5676366dffa2907274d310aa581.jpg
6882304,https://recipe1.ezmember.co.kr/cache/recipe/2018/01/14/3f7e7af750a308982b470aa6d3b4602b1.jpg
6882312,https://recipe1.ezmember.co.kr/cache/recipe/2018/01/15/f6c669bdbdb8a08ce906aad654d11d541.jpg
6882390,https://recipe1.ezmember.co.kr/cache/recipe/2018/01/16/52cfbef6cd5f13ebb9c165283f41c7511.jpg
6882473,https://recipe1.ezmember.co.kr/cache/recipe/2018/01/18/9941cc49ad3c2564f1c9cf3c28146a5d1.jpg
6882581,https://recipe1.ezmember.co.kr/cache/recipe/2018/01/14/b6489b8d4fde0746c10025259087c7d01.jpg
6882724,https://recipe1.ezmember.co.kr/cache/recipe/2018/01/23/41be36641c913ddbe2a1e435f939391b1.jpg
6882779,https://recipe1.ezmember.co.kr/cache/recipe/2018/01/21/69f019ba8152a838290c15aee86711c61.jpg
6882792,https://recipe1.ezmember.co.kr/cache/recipe/2018/01/27/fec358c03fefbc2b7a869d7858b952701.jpg
6882976,https://recipe1.ezmember.co.kr/cache/recipe/2018/01/28/d17deaacf2066472994a9efaba6cf56b1.jpg
6883021,https://recipe1.ezmember.co.kr/cache/recipe/2018/01/29/4a857d50dbad66babb8c9dfde3a88bbf1.jpg
6883246,https://recipe1.ezmember.co.kr/cache/recipe/2018/02/01/7187563a541d92bbd491ba655cd7d5bc1.jpg
6883333,https://recipe1.ezmember.co.kr/cache/recipe/2018/02/03/2817a8447c17740986b2f2f88d40f9bb1.jpg
6883352,https://recipe1.ezmember.co.kr/cache/recipe/2018/02/03/73c23dc8979b6734503de2e057de40be1.jpg
6883384,https://recipe1.ezmember.co.kr/cache/recipe/2018/02/04/68e069850232de75ae0f9cab9ec559531.jpg
6883396,https://recipe1.ezmember.co.kr/cache/recipe/2018/02/04/b5eceb9d48006e8c208c21b8e9c4d83f1.jpg
6883519,https://recipe1.ezmember.co.kr/cache/recipe/2018/02/06/0351f5437f4daff0117cf5ca172bddeb1.jpg
6883701,https://recipe1.ezmember.co.kr/cache/recipe/2018/02/09/340bf5505eb18655d329ba786a5c5afe1.jpg
6883802,https://recipe1.ezmember.co.kr/cache/recipe/2018/02/11/2a0ec145616d515b3ea907252cbbb0f51.jpg
6883849,https://recipe1.ezmember.co.kr/cache/recipe/2021/10/28/2a49af6da9ff0288871700b98a0316151.jpg
6883862,https://recipe1.ezmember.co.kr/cache/recipe/2018/02/12/7ffdaf43fd5e397e8af7cf1f3be703241.jpg
6883865,https://recipe1.ezmember.co.kr/cache/recipe/2018/02/12/df5a426929d80cae4cba1c5688a3c2e21.jpg
6883870,https://recipe1.ezmember.co.kr/cache/recipe/2018/02/11/742652761d337837b4adc3e2931591261.jpg
6883958,https://recipe1.ezmember.co.kr/cache/recipe/2018/02/13/cc629d896ba17a727b36cbacc23d36801.jpg
6883965,https://recipe1.ezmember.co.kr/cache/recipe/2018/02/13/ebff64b607b33c555f4d6b6f3e6dd1e71.jpg
6884032,https://recipe1.ezmember.co.kr/cache/recipe/2018/02/14/14a4ec96da21c554242a0064fbf277281.jpg
6884104,https://recipe1.ezmember.co.kr/cache/recipe/2018/02/17/baa2d4a893236cad9bbff6f089d087951.jpg
6884221,https://recipe1.ezmember.co.kr/cache/recipe/2018/02/20/fe7b3ab9a6401e18acd0aa4fbfc484031.jpg
6884432,https://recipe1.ezmember.co.kr/cache/recipe/2018/02/08/42b2c780bbe14ac3193143dd8f6be0ff1.jpg
6884620,https://recipe1.ezmember.co.kr/cache/recipe/2018/02/27/db7cadc8d2ba0c5a508b253b04ab0cf11.jpg
6885233,https://recipe1.ezmember.co.kr/cache/recipe/2018/03/10/60978e760cf8c7594b4546eb71efe2c31.jpg
6885268,https://recipe1.ezmember.co.kr/cache/recipe/2018/03/08/e23ce26cb50fda001468d58afb6319131.jpg
6885482,https://recipe1.ezmember.co.kr/cache/recipe/2018/03/14/8b967a054b64f7fdd307250a87f6699d1.jpg
6885566,https://recipe1.ezmember.co.kr/cache/recipe/2018/03/16/b18e482094cf4ff0acc151a5af6947501.jpg
6885650,https://recipe1.ezmember.co.kr/cache/recipe/2018/03/18/017c26f2ccaeb7482b73f00ff3df93921.jpg
6885987,https://recipe1.ezmember.co.kr/cache/recipe/2018/03/23/6ab714a07be5225045d65516945ccd471.jpg
6886026,https://recipe1.ezmember.co.kr/cache/recipe/2018/03/23/b1bac895c88a547d93ce16feed6a068b1.jpg
6886153,https://recipe1.ezmember.co.kr/cache/recipe/2018/03/26/c1ea9fa20e2ef03b3c6904cbab5e530b1.jpg
6886184,https://recipe1.ezmember.co.kr/cache/recipe/2018/03/27/d47a653df3f8867c7a4de2c8782f5c921.jpg
6886197,https://recipe1.ezmember.co.kr/cache/recipe/2018/03/27/5688d4f8be44e116893e5383989cfa451.jpg
6886259,https://recipe1.ezmember.co.kr/cache/recipe/2018/03/28/50cdd39b95256e0289dc274d219479fe1.jpg
6886331,https://recipe1.ezmember.co.kr/cache/recipe/2018/03/29/519aafa2a29c8b09425eb2e6b7c3edbe1.jpg
6886430,https://recipe1.ezmember.co.kr/cache/recipe/2018/03/31/bc7d168cededb8e0a4fce7b734c9f3391.jpg
6886482,https://recipe1.ezmember.co.kr/cache/recipe/2018/04/01/c8b15ff812f64dfce30089856c5cd48c1.jpg
6886803,https://recipe1.ezmember.co.kr/cache/recipe/2018/04/06/abb2b7382e295299d466e37954fbc9d91.jpg
6886830,https://recipe1.ezmember.co.kr/cache/recipe/2018/04/06/a04ca419c1df9469eb78d45508bced861.jpg
6886845,https://recipe1.ezmember.co.kr/cache/recipe/2018/04/06/d09ffc1363067376c2db1b44ee10a4e61.jpg
6886865,https://recipe1.ezmember.co.kr/cache/recipe/2018/04/07/8a7d55eaf96faf1725a7f282c74fd40a1.jpg
6886867,https://recipe1.ezmember.co.kr/cache/recipe/2018/04/07/dbf95eef24a7d0814b634957f7c580cf1.jpg
6886910,https://recipe1.ezmember.co.kr/cache/recipe/2018/04/08/4b6da2890c0b2e661057c3ffac0e6f0d1.jpg
6886933,https://recipe1.ezmember.co.kr/cache/recipe/2018/04/09/6bf71f32725ba27c76ad237bce1cab4f1.jpg
6887048,https://recipe1.ezmember.co.kr/cache/recipe/2018/04/09/a8d5c70e1a034e6c9ab2e18afd390b3c1.jpg
6887074,https://recipe1.ezmember.co.kr/cache/recipe/2018/04/11/14c9c83fedcdce8da35d837111bbe0971.jpg
6887317,https://recipe1.ezmember.co.kr/cache/recipe/2018/04/14/bfa294b7ff4a95ebb59810ea9580eed21.jpg
6887324,https://recipe1.ezmember.co.kr/cache/recipe/2018/04/14/303b38a47c08e417254d51b575ce4cf01.jpg
6887392,https://recipe1.ezmember.co.kr/cache/recipe/2018/04/16/25fc4846320f825249d6eda3ac6ea12a1.jpg
6887496,https://recipe1.ezmember.co.kr/cache/recipe/2018/04/17/979668ffb59d7f472346e48e5da29c071.jpg
6888106,https://recipe1.ezmember.co.kr/cache/recipe/2018/04/30/43869a8e560f82e4dd0e2a9e1d8292f81.jpg
6888119,https://recipe1.ezmember.co.kr/cache/recipe/2018/05/01/0e82932d0664fffef9b79db43c47bcfc1.jpg
6888397,https://recipe1.ezmember.co.kr/cache/recipe/2018/05/07/746f996c8804664afca35a81818136061.jpg
6888497,https://recipe1.ezmember.co.kr/cache/recipe/2018/05/08/69030dd6dbfb08690f27b2bcd7b6b85a1.jpg
6888587,https://recipe1.ezmember.co.kr/cache/recipe/2018/05/09/07fd7907ccbf87b98141ff3a817033581.jpg
6888639,https://recipe1.ezmember.co.kr/cache/recipe/2018/05/10/f5c83a5abf4d370e85115ce90c5050aa1.jpg
6888645,https://recipe1.ezmember.co.kr/cache/recipe/2018/05/10/5d06a9cde816258c07c54fe26ae081621.jpg
6888940,https://recipe1.ezmember.co.kr/cache/recipe/2018/05/15/62ba31a1d5140be9de14772642d97e871.jpg
6889017,https://recipe1.ezmember.co.kr/cache/recipe/2018/05/17/807618021513a941bc53640eb90aa2b51.jpg
6889203,https://recipe1.ezmember.co.kr/cache/recipe/2018/05/19/0e8835cf9621e419c13704971bd218981.jpg
6889382,https://recipe1.ezmember.co.kr/cache/recipe/2018/05/23/dc73005835e68f7aff60e4388d5a503f1.jpg
6889458,https://recipe1.ezmember.co.kr/cache/recipe/2018/05/24/2901175663e108aecbb79e00a69698af1.jpg
6889543,https://recipe1.ezmember.co.kr/cache/recipe/2018/05/25/eeb5ed18e2a9bd3059ce09d3faf379141.jpg
6889974,https://recipe1.ezmember.co.kr/cache/recipe/2018/05/29/6c5e0d59573cb34a267e8fa2e64ac6f61.jpg
6890172,https://recipe1.ezmember.co.kr/cache/recipe/2018/06/04/ce7d239cfa696916b18c9dbeafa55e2d1.jpg
6890254,https://recipe1.ezmember.co.kr/cache/recipe/2018/06/04/46225033413ef0b34d8449869f9751711.jpg
6890355,https://recipe1.ezmember.co.kr/cache/recipe/2018/06/06/15e24125332c2570091ee8375f19f14c1.jpg
6890394,https://recipe1.ezmember.co.kr/cache/recipe/2018/06/06/c47777c1c8fffcae53efee6acac7514c1.jpg
6890400,https://recipe1.ezmember.co.kr/cache/recipe/2018/06/07/d4f891f29e44087ef6a4ebe6634bb8b11.jpg
6890583,https://recipe1.ezmember.co.kr/cache/recipe/2018/06/10/0fd5da21a82d480c6bb61a33b08993961.jpg
6890991,https://recipe1.ezmember.co.kr/cache/recipe/2018/06/16/e96380ff8fc39167d931b9f78c616cd31.jpg
6891339,https://recipe1.ezmember.co.kr/cache/recipe/2018/06/22/2aace99a92c6088dc0c423e0dfe4c3271.jpg
6891368,https://recipe1.ezmember.co.kr/cache/recipe/2018/06/23/6f031a138c7fa6d74db79b7dff526fdc1.jpg
6891419,https://recipe1.ezmember.co.kr/cache/recipe/2018/06/25/d6fe0913f11e14a79b52fb81ea17aee91.jpg
6891454,https://recipe1.ezmember.co.kr/cache/recipe/2018/06/25/8a5d2d0d3b2da3acc7c834b6cf1215571.JPG
6891664,https://recipe1.ezmember.co.kr/cache/recipe/2018/06/28/358f6892fe7a158305247c1f2aa54b491.jpg
6891754,https://recipe1.ezmember.co.kr/cache/recipe/2018/07/01/eca6d3f95e2e1b4f1bfab9b4687b55ff1.jpg
6891780,https://recipe1.ezmember.co.kr/cache/recipe/2018/07/01/b512a79aed1805a6476d9e797b628db61.jpg
6892030,https://recipe1.ezmember.co.kr/cache/recipe/2018/07/05/c0cd7643e8d454b4284a5dce235bc78b1.jpg
6892124,https://recipe1.ezmember.co.kr/cache/recipe/2018/07/07/f8a976b0644540196962873d49fd424c1.jpg
6892436,https://recipe1.ezmember.co.kr/cache/recipe/2018/07/12/ca3b45ada2696c20229ffa52896d6a691.jpg
6892471,https://recipe1.ezmember.co.kr/cache/recipe/2018/07/12/df8a9238adc9c47bb863d0baf2b55b471.jpg
6892517,https://recipe1.ezmember.co.kr/cache/recipe/2018/07/13/cd4c3454f5d0bb23fa4b84618aa716041.jpg
6892519,https://recipe1.ezmember.co.kr/cache/recipe/2018/07/13/099c0e745d5fabbaf6b0bf1cf6c9f14c1.jpg
6892521,https://recipe1.ezmember.co.kr/cache/recipe/2018/07/04/969ff79f1177c6e5f410c5143889c2cd1.jpg
6892532,https://recipe1.ezmember.co.kr/cache/recipe/2018/07/08/2c5ccace975dfe14f08762238967bf4a1.jpg
6892556,https://recipe1.ezmember.co.kr/cache/recipe/2018/07/14/295b118e76b9466d26b292bc323f8eca1.jpg
6892590,https://recipe1.ezmember.co.kr/cache/recipe/2018/07/15/31891cd413e9bda961b1b6b22f6247cd1.jpg
6892647,https://recipe1.ezmember.co.kr/cache/recipe/2018/07/16/55801552128dfabda2642fb9ece2f2f51.jpg
6892809,https://recipe1.ezmember.co.kr/cache/recipe/2018/07/19/12e4e9cf841c9f7018c9a355a4957bb31.jpg
6892910,https://recipe1.ezmember.co.kr/cache/recipe/2018/07/22/27ec3eca425e569db38791371e17ece01.jpg
6892926,https://recipe1.ezmember.co.kr/cache/recipe/2018/07/22/5ce53aa2b4cd4a6baf39447bae53e2501.jpg
6893315,https://recipe1.ezmember.co.kr/cache/recipe/2018/07/30/1a7c9eab4a49b63edbb63a708440181c1.jpg
6893360,https://recipe1.ezmember.co.kr/cache/recipe/2018/07/30/44a1da720c6500fa5d02ec59919cd6da1.jpg
6893391,https://recipe1.ezmember.co.kr/cache/recipe/2018/07/31/451d6abdbd19284e6c70b1be8e9ab8ce1.jpg
6893676,https://recipe1.ezmember.co.kr/cache/recipe/2018/08/07/b110e667cd0d898369a2faa6dcc15ddf1.jpg
6893698,https://recipe1.ezmember.co.kr/cache/recipe/2018/08/07/baa7f4b6ac50329a98a20640a6712f5e1.jpg
6893953,https://recipe1.ezmember.co.kr/cache/recipe/2018/08/10/670d6163a10eaf0d4e9f65d14abc61871.JPG
6894181,https://recipe1.ezmember.co.kr/cache/recipe/2018/08/14/b47f01beb485f32defb6beba79dee1a51.jpg
6894484,https://recipe1.ezmember.co.kr/cache/recipe/2018/08/21/1cb2669b965c58dddc12e836deb201471.jpg
6894580,https://recipe1.ezmember.co.kr/cache/recipe/2018/08/22/200a612d607b92a2bfd0197dc5f26c571.jpg
6894636,https://recipe1.ezmember.co.kr/cache/recipe/2018/08/23/c7647de177ac008c14c06b1b741642f31.jpg
6894716,https://recipe1.ezmember.co.kr/cache/recipe/2018/08/24/9832fcedbecf2c82b9905a29e6d630b71.jpg
6895454,https://recipe1.ezmember.co.kr/cache/recipe/2018/09/07/9e30cfca83646b6e88493fa4e737168a1.jpg
6895511,https://recipe1.ezmember.co.kr/cache/recipe/2018/09/09/f4b2ceb07c278b8f84869aa39c0f704a1.jpg
6895564,https://recipe1.ezmember.co.kr/cache/recipe/2018/09/10/b94a72dd2d376ca614109855210091681.jpg
6895796,https://recipe1.ezmember.co.kr/cache/recipe/2018/09/13/5dac610891f0272dec49dbf925054bb51.jpg
6895872,https://recipe1.ezmember.co.kr/cache/recipe/2018/09/14/5339dad35110684d88220e8c325335dc1.jpg
6896131,https://recipe1.ezmember.co.kr/cache/recipe/2018/09/19/401ae83ac577f650ee0773badec381a51.jpg
6896170,https://recipe1.ezmember.co.kr/cache/recipe/2018/09/19/c2cad12e56b52463b8127382785546ea1.jpg
6896193,https://recipe1.ezmember.co.kr/cache/recipe/2018/09/19/0d935c41e5ea4c14f1cb793952527bd11.jpg
6896323,https://recipe1.ezmember.co.kr/cache/recipe/2018/09/21/39b4bfafc8cf39fdded940634a13ffaf1.jpg
6896415,https://recipe1.ezmember.co.kr/cache/recipe/2018/09/22/62ea777c1a5f96ce1e972b5947e23c081.jpg
6896440,https://recipe1.ezmember.co.kr/cache/recipe/2018/09/23/9853222347b6c845afaad20575d2fe291.jpg
6896441,https://recipe1.ezmember.co.kr/cache/recipe/2018/09/22/0ad8c1f4cdedbdc8cff5fbe97cab95111.jpg
6896480,https://recipe1.ezmember.co.kr/cache/recipe/2018/09/24/9c23321d9ce7f797b7a005c6583b1b1f1.jpg
6896487,https://recipe1.ezmember.co.kr/cache/recipe/2018/09/24/eb0d8388f7d6d6a2bfb0eea04ecd104b1.jpg
6896631,https://recipe1.ezmember.co.kr/cache/recipe/2018/09/27/986e374e3fba8af7a9ffa33da4162a651.jpg
6896773,https://recipe1.ezmember.co.kr/cache/recipe/2018/09/29/b89ef2f209a981ca272d1271c8a551211.jpg
6896925,https://recipe1.ezmember.co.kr/cache/recipe/2018/09/30/3f338b06e057cf0dbdb81d92742cd2c41.jpg
6896963,https://recipe1.ezmember.co.kr/cache/recipe/2018/10/02/9af40a523c22d200e438e3abc13e74171.jpg
6897048,https://recipe1.ezmember.co.kr/cache/recipe/2018/10/03/7b5b5bf16bd7c205be44d9a065058dbf1.jpg
6897218,https://recipe1.ezmember.co.kr/cache/recipe/2018/10/05/2779226dcd6f1badd0ba61d92926659f1.jpg
6897250,https://recipe1.ezmember.co.kr/cache/recipe/2018/10/06/b006944001117a2420cd181a60c1f48c1.jpg
6897295,https://recipe1.ezmember.co.kr/cache/recipe/2018/10/07/7e9edc832b9de498e2aa64800cc5bd021.jpg
6897349,https://recipe1.ezmember.co.kr/cache/recipe/2018/10/07/1ae2ccb25d0a7826e1b2413b999a3da51.jpg
6897817,https://recipe1.ezmember.co.kr/cache/recipe/2018/10/14/d7e90c8e779a855004b5cad45afbeed41.jpg
6898078,https://recipe1.ezmember.co.kr/cache/recipe/2018/10/17/b40954b69c18687584fbbcaa91863df71.jpg
6898233,https://recipe1.ezmember.co.kr/cache/recipe/2018/10/19/fc565681a31c7605b6c85d70a379d4001.jpg
6898327,https://recipe1.ezmember.co.kr/cache/recipe/2018/10/21/907822ffde401693fc312508256b34281.jpg
6898484,https://recipe1.ezmember.co.kr/cache/recipe/2018/10/23/d3fb5f85df4f53e544bb4f802ab2bbc61.jpg
6898523,https://recipe1.ezmember.co.kr/cache/recipe/2018/10/23/855611a97e74de40b3d24a24772877501.jpg
6898617,https://recipe1.ezmember.co.kr/cache/recipe/2018/10/25/9c5f65c51e4202018742a65a343983fa1.jpg
6898640,https://recipe1.ezmember.co.kr/cache/recipe/2018/10/25/212fe9c5a64c99cbe7544e85525b1e111.jpg
6898871,https://recipe1.ezmember.co.kr/cache/recipe/2018/10/28/55a7c0668f9190c140331013effddc941.jpg
6899023,https://recipe1.ezmember.co.kr/cache/recipe/2018/10/21/ea5eedc6325215138b157166f7898ff51.jpg
6899066,https://recipe1.ezmember.co.kr/cache/recipe/2018/10/31/59e537b13307e246c212be38733d81421.jpg
6899111,https://recipe1.ezmember.co.kr/cache/recipe/2018/11/01/8a23bcc52d3f875a801ec3aacd99e7a21.jpg
6899190,https://recipe1.ezmember.co.kr/cache/recipe/2018/11/02/c3e8acea7386d3b11a10df4cae83fa511.png
6899547,https://recipe1.ezmember.co.kr/cache/recipe/2018/11/06/40bf4436fefc906236557b1e631267d31.jpg
6899688,https://recipe1.ezmember.co.kr/cache/recipe/2018/11/08/45bd06bb0711d4f5f79149fd598226c51.jpg
6899725,https://recipe1.ezmember.co.kr/cache/recipe/2018/11/08/0df85269165ff4374b90394d0583c3b21.jpg
6899804,https://recipe1.ezmember.co.kr/cache/recipe/2018/11/08/a568c170e2396d37a4e7b55f1c5c6b9c1.jpg
6899834,https://recipe1.ezmember.co.kr/cache/recipe/2018/11/09/82d2050ba9812d62868e1b1262959ea81.jpg
6899900,https://recipe1.ezmember.co.kr/cache/recipe/2018/11/10/6633b61e3dcf1a66b7289eb5996b63951.jpg
6899909,https://recipe1.ezmember.co.kr/cache/recipe/2018/11/11/7031087d0779772e115be34397ece9951.jpg
6899971,https://recipe1.ezmember.co.kr/cache/recipe/2018/11/12/a8687242cb14927e4ec96a01b58923041.jpg
6900312,https://recipe1.ezmember.co.kr/cache/recipe/2018/11/17/4a39e9a270f8302a761072b49cf347691.jpg
6900317,https://recipe1.ezmember.co.kr/cache/recipe/2018/11/17/9c76b8cc276bd38f8239f3719571cc5f1.jpg
6900324,https://recipe1.ezmember.co.kr/cache/recipe/2018/11/17/68033441b950a005f5ade04915f1690e1.jpg
6900353,https://recipe1.ezmember.co.kr/cache/recipe/2018/11/18/d736ace218d15f9ce7eb2999013f0c251.jpg
6900368,https://recipe1.ezmember.co.kr/cache/recipe/2018/11/18/1940746cb1940e847ac1843faa71c3111.jpg
6900400,https://recipe1.ezmember.co.kr/cache/recipe/2018/11/19/0769e08ab6c0fc3db729cca9afd8b5ae1.jpg
6900632,https://recipe1.ezmember.co.kr/cache/recipe/2018/11/22/7a32d4f89e39a03227f636cb021a5e781.jpg
6900687,https://recipe1.ezmember.co.kr/cache/recipe/2018/11/23/92a7a273d4c1515a24fd2fd48815997f1.jpg
6900872,https://recipe1.ezmember.co.kr/cache/recipe/2018/11/27/62a98f0eba3f79ca7892a5754b59478f1.jpg
6900959,https://recipe1.ezmember.co.kr/cache/recipe/2018/11/28/d407025e5bfe4d0c88398d44dde4f2371.jpg
6901049,https://recipe1.ezmember.co.kr/cache/recipe/2018/11/30/02b573b7965f17cd9199c3dbebf2a5f41.jpg
6901376,https://recipe1.ezmember.co.kr/cache/recipe/2018/12/05/8c2b5280776871cec2506d042f8ed5361.jpg
6901377,https://recipe1.ezmember.co.kr/cache/recipe/2018/12/05/1bef7351b1899c4e14403de3396138cf1.jpg
6901394,https://recipe1.ezmember.co.kr/cache/recipe/2018/12/06/8cbc1da5039908fbb29515dfa58a294d1.jpg
6901648,https://recipe1.ezmember.co.kr/cache/recipe/2018/12/10/c49b125fcb69ffda776371b957883dbf1.jpg
6901665,https://recipe1.ezmember.co.kr/cache/recipe/2018/12/10/3450949eccb695d26fd92a7deab045cf1.jpg
6901756,https://recipe1.ezmember.co.kr/cache/recipe/2018/12/10/87ff7d9e78f11f6309e15a806e68df341.jpg
6901784,https://recipe1.ezmember.co.kr/cache/recipe/2018/12/12/62e5817308c0362c898dba16b60330081.jpg
6901882,https://recipe1.ezmember.co.kr/cache/recipe/2018/12/13/0ee25b9ce543bfae254282ae006c88d21.jpg
6901922,https://recipe1.ezmember.co.kr/cache/recipe/2018/12/13/6f3b81453c58bfb19c5bedb5e8d63cf41.jpg
6902243,https://recipe1.ezmember.co.kr/cache/recipe/2018/12/18/82d4a599829116a7a6bbdafa575676b41.jpg
6902425,https://recipe1.ezmember.co.kr/cache/recipe/2018/12/20/f53fde0495ee4525506ce4c366ef2af01.jpg
6902489,https://recipe1.ezmember.co.kr/cache/recipe/2018/12/20/01064c3a828aa9ea65d94e3d8d5dc8151.jpg
6902738,https://recipe1.ezmember.co.kr/cache/recipe/2018/12/24/e484bd0697c1a57b1dca8b3e1dd0d6dd1.jpg
6902745,https://recipe1.ezmember.co.kr/cache/recipe/2018/12/24/da7d27ecd262e265be3f195b62ae8f431.jpg
6902800,https://recipe1.ezmember.co.kr/cache/recipe/2018/12/25/6bc73b1777abae05148dabab4c57070e1.jpg
6903136,https://recipe1.ezmember.co.kr/cache/recipe/2018/12/30/ec2db7d7e962d66fc13bc9968ace9e601.jpg
6903451,https://recipe1.ezmember.co.kr/cache/recipe/2019/01/03/4360dac2f529f69b885e751aa6d8f59d1.jpg
6903533,https://recipe1.ezmember.co.kr/cache/recipe/2019/01/04/62a9db5fe876be52b7612ccd5c4237a61.jpg
6903545,https://recipe1.ezmember.co.kr/cache/recipe/2019/01/04/4a6336102ca71b61a8aa2ca104f05d981.jpg
6904202,https://recipe1.ezmember.co.kr/cache/recipe/2019/01/13/d0294ebca2b09465a1bc034ca70c28a41.jpg
6904244,https://recipe1.ezmember.co.kr/cache/recipe/2019/01/13/4f0e9600d3a4c1c54050b530197c8e071.jpg
6904339,https://recipe1.ezmember.co.kr/cache/recipe/2019/01/14/0ca53187f913139b9cbd7fc080d48bc61.jpg
6904386,https://recipe1.ezmember.co.kr/cache/recipe/2019/01/15/e0cbd9d6ead788a34ea42097e6cbd64b1.jpg
6904413,https://recipe1.ezmember.co.kr/cache/recipe/2018/11/20/109b58f4fd3eddcf6f242a651d92c3c81.jpg
6904566,https://recipe1.ezmember.co.kr/cache/recipe/2019/01/16/8f82153a5d6a9ee16af530bbb28ee7381.jpg
6904840,https://recipe1.ezmember.co.kr/cache/recipe/2019/01/20/a551186c31474c0da203c572ed45f5261.jpg
6904847,https://recipe1.ezmember.co.kr/cache/recipe/2019/01/20/54de5d48afcb316f7af24c121c1fbb3b1.jpg
6905000,https://recipe1.ezmember.co.kr/cache/recipe/2019/01/22/be4b0ba90440a603727a25f3347a95741.jpg
6905198,https://recipe1.ezmember.co.kr/cache/recipe/2019/01/24/81c4c7108a29039b8ef18aa5ef93d4561.jpg
6905402,https://recipe1.ezmember.co.kr/cache/recipe/2019/01/28/003afdcb1234e393d6fa2c7c48dca4071.jpg
6905445,https://recipe1.ezmember.co.kr/cache/recipe/2019/01/28/93945e524af16a74e850325858f51e671.jpg
6905482,https://recipe1.ezmember.co.kr/cache/recipe/2018/12/16/fe9d9852dd7290dfc0d25adc014a62a11.jpg
6905634,https://recipe1.ezmember.co.kr/cache/recipe/2019/01/31/107c21d650aaf9df847f03c6a085c9731.jpg
6905712,https://recipe1.ezmember.co.kr/cache/recipe/2019/02/01/f5ff63bebb4ece854f6f47165427a9f01.jpg
6905778,https://recipe1.ezmember.co.kr/cache/recipe/2019/02/02/a1918ebc1c64e77a7d6c88a445214d5b1.jpg
6905932,https://recipe1.ezmember.co.kr/cache/recipe/2019/02/04/63fc88b1e854ba392f06477b666e99921.jpg
6905974,https://recipe1.ezmember.co.kr/cache/recipe/2019/02/05/469eeae13ee0fb77fe2e727a2214ead91.jpg
6906051,https://recipe1.ezmember.co.kr/cache/recipe/2019/02/07/078f87210d716d8043fb441304e2c12e1.jpg
6906059,https://recipe1.ezmember.co.kr/cache/recipe/2019/02/07/4b7b7bcc2cd2797256fb848a3cfa0dd71.jpg
6906079,https://recipe1.ezmember.co.kr/cache/recipe/2019/02/07/42699d3a8b8bb3b31262d3f57bef456e1.jpg
6906115,https://recipe1.ezmember.co.kr/cache/recipe/2019/02/08/ee738c7de7f0394c9c7f11cda2948c031.jpg
6906559,https://recipe1.ezmember.co.kr/cache/recipe/2019/02/13/91729124603ec99e420b3f843515714e1.jpg
6906694,https://recipe1.ezmember.co.kr/cache/recipe/2019/02/16/b011d0935e9c42f368c61d74a2b565a31.jpg
6906751,https://recipe1.ezmember.co.kr/cache/recipe/2019/02/16/a553929824c49e919d45ae34909569591.jpg
6906965,https://recipe1.ezmember.co.kr/cache/recipe/2019/02/20/efaedf6c7535f1c72bdfa6ade5c5f9601.jpg
6907157,https://recipe1.ezmember.co.kr/cache/recipe/2019/02/23/d33352d60ae371f99479d4b2612ed7361.jpg
6907173,https://recipe1.ezmember.co.kr/cache/recipe/2019/02/23/e2042dc2159d4165134178d14e1d44881.jpg
6907200,https://recipe1.ezmember.co.kr/cache/recipe/2019/02/24/147a42fb74f97d25efc69e2e2ebad8b91.jpg
6907299,https://recipe1.ezmember.co.kr/cache/recipe/2019/02/27/40d8dbf2817ad307fe790a34b066b2f01.jpg
6907369,https://recipe1.ezmember.co.kr/cache/recipe/2019/02/26/45f454b236e2269d266fc0efa0bb833d1.jpg
6907542,https://recipe1.ezmember.co.kr/cache/recipe/2019/03/01/d5df602fd2082b31e20f584ce58b1a7d1.jpg
6907863,https://recipe1.ezmember.co.kr/cache/recipe/2019/03/06/865ba6b94ab34dff1f8caf94da35c6161.jpg
6907890,https://recipe1.ezmember.co.kr/cache/recipe/2019/03/06/afe2d002bdeef5e81b0a025542190d7d1.jpg
6908079,https://recipe1.ezmember.co.kr/cache/recipe/2019/03/10/13007b8b8c594c6bfb5fc2b7426f027e1.jpg
6908146,https://recipe1.ezmember.co.kr/cache/recipe/2019/03/11/bfd29a6799eb263b240e6c104fd531ca1.jpg
6908186,https://recipe1.ezmember.co.kr/cache/recipe/2019/01/20/563ed67f3c54311f4fdc282a65627be71.jpg
6908798,https://recipe1.ezmember.co.kr/cache/recipe/2019/03/20/8388b3d8237d7f05ec9d5e7fb90680291.jpg
6908829,https://recipe1.ezmember.co.kr/cache/recipe/2019/03/20/31f33e585b7a7e23f7984a3cada17a9a1.jpg
6908872,https://recipe1.ezmember.co.kr/cache/recipe/2019/03/20/63caf1fc5bf814eefdf75a2f33b730771.jpg
6909353,https://recipe1.ezmember.co.kr/cache/recipe/2019/03/28/f55ce56ab8845e6688f33aa6a464b4621.jpg
6909439,https://recipe1.ezmember.co.kr/cache/recipe/2019/03/29/160bba26a884c5c847e7b78e90b4b65e1.jpg
6909662,https://recipe1.ezmember.co.kr/cache/recipe/2019/04/01/1de67bd68d6e5cfe22e8d28d2396578b1.jpg
6909677,https://recipe1.ezmember.co.kr/cache/recipe/2019/04/02/43fa779b1c4b8e4bd1bf1a7a6f7ceeec1.jpg
6909907,https://recipe1.ezmember.co.kr/cache/recipe/2019/04/05/c0156715a6d1e32514d1e6bb017df2bb1.jpg
6909972,https://recipe1.ezmember.co.kr/cache/recipe/2019/04/06/611158284614c48add092a041380ae491.jpg
6910163,https://recipe1.ezmember.co.kr/cache/recipe/2019/04/10/dcdc7b1f3916a7a4712695536935c70b1.jpg
6910195,https://recipe1.ezmember.co.kr/cache/recipe/2019/04/10/ec853adf2dd840d44fc0cc402bf06f501.jpg
6910339,https://recipe1.ezmember.co.kr/cache/recipe/2019/04/12/cbcb0f2f11fe64373259b3ace527d9761.jpg
6910389,https://recipe1.ezmember.co.kr/cache/recipe/2019/04/12/36fdb9e150b8a32e50a98ff4ac7b66b21.jpg
6910456,https://recipe1.ezmember.co.kr/cache/recipe/2019/04/11/4bbda3af860a4b5e06642d94fdd015921.jpg
6910472,https://recipe1.ezmember.co.kr/cache/recipe/2019/04/14/45a124cc2775e072f45b4f9214dc9ddd1.jpg
6910571,https://recipe1.ezmember.co.kr/cache/recipe/2019/04/15/04a71a5efa594fedc5a1b8a9bada02f51.jpg
6910829,https://recipe1.ezmember.co.kr/cache/recipe/2019/04/20/b99c468717f434d1f54cd9a449614f851.jpg
6910858,https://recipe1.ezmember.co.kr/cache/recipe/2019/04/21/00285c83c4638e824631f07a466248f21.png
6911012,https://recipe1.ezmember.co.kr/cache/recipe/2019/04/23/fdb376b55c89c2f2fab4e1d862bf48061.jpg
6911371,https://recipe1.ezmember.co.kr/cache/recipe/2019/04/30/e071f902a0864690dd3248efb724565d1.jpg
6911443,https://recipe1.ezmember.co.kr/cache/recipe/2019/05/01/1e78284d19c768136c007c02d12612f01.jpg
6911692,https://recipe1.ezmember.co.kr/cache/recipe/2019/05/06/23f5fe608750cdce980ddc653c1184b31.jpg
6911696,https://recipe1.ezmember.co.kr/cache/recipe/2019/05/06/308d16ad02663838c89cbdb36334335a1.jpg
6911730,https://recipe1.ezmember.co.kr/cache/recipe/2019/05/06/87973810bbc181fc7eb654612f99dcab1.jpg
6912113,https://recipe1.ezmember.co.kr/cache/recipe/2019/05/14/514e6e9469faa62c8804367477a9a6881.jpg
6912118,https://recipe1.ezmember.co.kr/cache/recipe/2019/05/14/cd04b9ddecf8ec834288d55290b6ec1a1.jpg
6912140,https://recipe1.ezmember.co.kr/cache/recipe/2019/05/14/fa4d9b2817bc7c4330ac52d36a42dad01.jpg
6912324,https://recipe1.ezmember.co.kr/cache/recipe/2019/05/17/945b29e6fff4f52f99300220e0241ad11.jpg
6912828,https://recipe1.ezmember.co.kr/cache/recipe/2019/05/27/9be23b6871c0f52d9460d89f9c2e8a121.jpg
6912974,https://recipe1.ezmember.co.kr/cache/recipe/2019/05/30/4ad92b25d459cd4d4e8e7ffdd1b9ba561.jpg
6913662,https://recipe1.ezmember.co.kr/cache/recipe/2019/06/10/31008d3e23b9ab041ad1ec347786a90b1.jpg
6913702,https://recipe1.ezmember.co.kr/cache/recipe/2019/06/10/6c637e79d6b2d295a583ec06dd033d971.jpg
6913788,https://recipe1.ezmember.co.kr/cache/recipe/2019/06/11/02c73fc7ba22a99be3271474ec09bda31.jpg
6913997,https://recipe1.ezmember.co.kr/cache/recipe/2019/06/15/375094293786ffb33243f508e60bee531.jpg
6914027,https://recipe1.ezmember.co.kr/cache/recipe/2019/06/16/e1f76023dda19056d1156157df9c01171.jpg
6914114,https://recipe1.ezmember.co.kr/cache/recipe/2019/06/17/60120d48228150215ed708017103b7931.jpg
6914142,https://recipe1.ezmember.co.kr/cache/recipe/2019/06/17/8d2d0737a3ca02815a992edb2cf76d231.jpg
6914297,https://recipe1.ezmember.co.kr/cache/recipe/2019/06/18/32a5681556d820db6aba7b42f39cc2bd1.jpg
6914564,https://recipe1.ezmember.co.kr/cache/recipe/2019/06/23/1c509769f2f065258cdb6fc1627d04c11.jpg
6914762,https://recipe1.ezmember.co.kr/cache/recipe/2019/06/26/26645e5ef4e4aaa386232ac60ca384731.jpg
6914926,https://recipe1.ezmember.co.kr/cache/recipe/2019/06/29/8636a197025e43293cf433d41e477d711.jpg
6914997,https://recipe1.ezmember.co.kr/cache/recipe/2019/07/01/9a9b9997e230ae2ca78651cf9742e1e81.jpg
6915418,https://recipe1.ezmember.co.kr/cache/recipe/2019/07/07/3ab67d6a61de62461ac83a28f009fe1a1.jpg
6915633,https://recipe1.ezmember.co.kr/cache/recipe/2019/07/11/2a5ecc27d2241ad8f3eea637183530d31.jpg
6915642,https://recipe1.ezmember.co.kr/cache/recipe/2019/07/11/0455312813776170d4af1465edd5919b1.jpg
6916040,https://recipe1.ezmember.co.kr/cache/recipe/2019/07/18/982857a53f04a5dd470900fbb43da4241.jpg
6916059,https://recipe1.ezmember.co.kr/cache/recipe/2019/07/18/423547edc021f4f5ce83d8f9c13ac8411.jpg
6916207,https://recipe1.ezmember.co.kr/cache/recipe/2019/07/20/942ea005d262bad6ad23500f26ff74bc1.jpg
6916311,https://recipe1.ezmember.co.kr/cache/recipe/2019/07/22/3f7bcfd5808e0a8b75e50d1ff56d0d771.jpg
6916493,https://recipe1.ezmember.co.kr/cache/recipe/2019/07/24/b85e363f317a0828c9fc70bc9f04a2bb1.png
6916947,https://recipe1.ezmember.co.kr/cache/recipe/2019/08/05/c5f829d30961e4f95e0250720c954d271.jpg
6917029,https://recipe1.ezmember.co.kr/cache/recipe/2019/08/04/80c8da4a2f2148110c61ea35f7a5f9131.jpg
6917192,https://recipe1.ezmember.co.kr/cache/recipe/2019/08/07/2cc2d8631fd629a58365a59d29b885341.jpg
6917235,https://recipe1.ezmember.co.kr/cache/recipe/2019/08/10/7785a54727a59888b4e380054a2eb37b1.jpg
6917281,https://recipe1.ezmember.co.kr/cache/recipe/2019/08/10/9472c0cd0ccd0f0cd67860ebb2d2dca91.jpg
6917646,https://recipe1.ezmember.co.kr/cache/recipe/2019/08/16/6e5bcace23578e9d964bad619b31ae471.jpg
6917701,https://recipe1.ezmember.co.kr/cache/recipe/2019/08/18/f5793c1dd48c2bbb1860aa6f2fcd33321.jpg
6917759,https://recipe1.ezmember.co.kr/cache/recipe/2019/08/19/b479437f10e64cc8c19a0b266b295a391.jpg
6917863,https://recipe1.ezmember.co.kr/cache/recipe/2019/08/20/877b38274a1efddd58bb929a8947103f1.jpg
6917878,https://recipe1.ezmember.co.kr/cache/recipe/2019/08/18/b3d5e8f0ec76aa117c4630c6fb0155a11.jpg
6917958,https://recipe1.ezmember.co.kr/cache/recipe/2019/08/21/7fd4a5f927778cbff14157ce786af8b61.jpg
6918133,https://recipe1.ezmember.co.kr/cache/recipe/2019/08/23/ef013c95c851f5ef10616d46ebc1a6281.jpg
6918258,https://recipe1.ezmember.co.kr/cache/recipe/2019/08/27/aa9b8e254e1ee012807bf3df5fde9a761.jpg
6918435,https://recipe1.ezmember.co.kr/cache/recipe/2019/08/30/1dcdc78672b822913b91ee70ea7eb9cf1.jpg
6918666,https://recipe1.ezmember.co.kr/cache/recipe/2019/09/04/443a62be1f6aa6c39241bc196c74fda41.jpg
6918702,https://recipe1.ezmember.co.kr/cache/recipe/2019/09/05/95f36c3f3161d5358f630f97cd27afef1.jpg
6918716,https://recipe1.ezmember.co.kr/cache/recipe/2019/09/05/2d8b356ecd0adf860f1184340853d9d81.jpg
6918720,https://recipe1.ezmember.co.kr/cache/recipe/2019/09/05/d5bc2356ae0e0e749008cde2ba4479ab1.jpg
6918833,https://recipe1.ezmember.co.kr/cache/recipe/2019/09/07/5a03decf64473186629968411e8a131a1.jpg
6918911,https://recipe1.ezmember.co.kr/cache/recipe/2019/09/09/bd494010e29c9c1b133dfe46766a35de1.jpg
6918912,https://recipe1.ezmember.co.kr/cache/recipe/2019/09/09/292bd6cb9dc29bd2751f16f948e298971.jpg
6918923,https://recipe1.ezmember.co.kr/cache/recipe/2019/09/09/27a564501fb0c11c28acabe97486f4831.jpg
6919022,https://recipe1.ezmember.co.kr/cache/recipe/2019/09/11/3a8276194f239b04efa071c490fe84a51.jpg
6919078,https://recipe1.ezmember.co.kr/cache/recipe/2019/09/12/23bf49a9eb921a045b5fc727900af81f1.jpg
6919097,https://recipe1.ezmember.co.kr/cache/recipe/2019/09/13/eb1a2e4a5376234c2d60a4de3ed940f41.jpg
6919177,https://recipe1.ezmember.co.kr/cache/recipe/2019/09/16/c61a532c218997fd15fad40e8020ecf31.jpg
6919394,https://recipe1.ezmember.co.kr/cache/recipe/2019/09/19/8fa73ac771658290e580300fc6c405601.jpg
6919401,https://recipe1.ezmember.co.kr/cache/recipe/2019/09/19/85ce0328fa3381df0f563d93b3e861e51.jpg
6919482,https://recipe1.ezmember.co.kr/cache/recipe/2019/09/21/9f96c9d8107f12ac251ca3f1f72cebb51.jpg
6919498,https://recipe1.ezmember.co.kr/cache/recipe/2019/09/22/66d46a1166cea86b17dc2dc1c5b776dc1.jpg
6919523,https://recipe1.ezmember.co.kr/cache/recipe/2019/09/23/5f0e3f22b997fddaef991f76522c57031.jpg
6920155,https://recipe1.ezmember.co.kr/cache/recipe/2019/10/05/717a3049415ef238fc873c6afd59d26d1.jpg
6920176,https://recipe1.ezmember.co.kr/cache/recipe/2019/10/06/2a2794005e0598001e983abc778540d61.jpg
6920273,https://recipe1.ezmember.co.kr/cache/recipe/2019/10/07/205c352fac89832b63f1b7c058ef2d9f1.jpg
6920565,https://recipe1.ezmember.co.kr/cache/recipe/2019/10/14/2bf900953c89ea105df91e99f2e61cf31.jpg
6920600,https://recipe1.ezmember.co.kr/cache/recipe/2019/10/14/9b97b393e6e4bbc18e9854e937503f0c1.jpg
6921275,https://recipe1.ezmember.co.kr/cache/recipe/2019/06/12/a3680a819dd111a5609c448c74da02bf1.jpg
6921583,https://recipe1.ezmember.co.kr/cache/recipe/2019/10/31/06a12a4f8d153dd70c34e0c92d9670e71.jpg
6921674,https://recipe1.ezmember.co.kr/cache/recipe/2019/11/08/399803b3f62cf69872aecdee1b9417381.jpg
6921728,https://recipe1.ezmember.co.kr/cache/recipe/2019/11/06/e1f5759c24103f7563b84422b5cc0e2a1.jpg
6921872,https://recipe1.ezmember.co.kr/cache/recipe/2019/11/09/83c5838101552ffca75fefed055fef7e1.jpg
6922029,https://recipe1.ezmember.co.kr/cache/recipe/2019/11/12/c40fe574484f2f549d0cd1751ab2eb1e1.jpg
6922115,https://recipe1.ezmember.co.kr/cache/recipe/2019/11/13/7fd3a7973144417aa0767ae92f9160e71.jpg
6922300,https://recipe1.ezmember.co.kr/cache/recipe/2019/11/18/895b943c06cc3ada2e68c2749295414b1.jpg
6922403,https://recipe1.ezmember.co.kr/cache/recipe/2019/11/09/efa134f1750aa53dca2a66d5943c49b31.jpg
6922472,https://recipe1.ezmember.co.kr/cache/recipe/2019/11/20/717853fb4e327bab204e964999b693411.jpg
6922739,https://recipe1.ezmember.co.kr/cache/recipe/2019/11/27/438617233fb09ea678e2870a5184909c1.jpg
6922834,https://recipe1.ezmember.co.kr/cache/recipe/2019/11/30/4f262e55d53b904425707c928a527f1c1.jpg
6922891,https://recipe1.ezmember.co.kr/cache/recipe/2019/12/01/a541406efa265ee52bd9275379c7e3f71.jpg
6923020,https://recipe1.ezmember.co.kr/cache/recipe/2019/12/06/b145f911c3e43b00b6c72f9be39673651.jpg
6923155,https://recipe1.ezmember.co.kr/cache/recipe/2019/12/06/3f458af2fae041ac15c1715a1c0cd4a01.jpg
6923225,https://recipe1.ezmember.co.kr/cache/recipe/2019/12/08/0025ff9346fcc60af4daa9d3f1dcaeba1.jpg
6923278,https://recipe1.ezmember.co.kr/cache/recipe/2019/12/09/c4c549bd87841cd63bd9715813fa90421.jpg
6923410,https://recipe1.ezmember.co.kr/cache/recipe/2019/12/11/8eff0f51aed396a867ace0e666eb22411.png
6923486,https://recipe1.ezmember.co.kr/cache/recipe/2019/12/13/06edccdc173dd0d81bda4758136635c21.jpg
6923526,https://recipe1.ezmember.co.kr/cache/recipe/2019/12/13/cc6da9d5646ae0184bc8083c52e4ffb01.jpg
6923729,https://recipe1.ezmember.co.kr/cache/recipe/2019/12/18/654d404036fc3259da14b209f9660cf31.jpg
6924089,https://recipe1.ezmember.co.kr/cache/recipe/2019/12/26/9cda8a736e8ef25dbe23558ce12cdf521.jpg
6924492,https://recipe1.ezmember.co.kr/cache/recipe/2020/01/04/1f298c675892f0c2d37ea41e8e420c5a1.jpg
6924637,https://recipe1.ezmember.co.kr/cache/recipe/2020/01/07/638960472dde26515ae6d760cfae8aa51.jpg
6924935,https://recipe1.ezmember.co.kr/cache/recipe/2020/01/13/0ace05890e978d2f8ae278a13488c0a01.jpg
6925194,https://recipe1.ezmember.co.kr/cache/recipe/2020/01/18/ab8d26f8dbb7bb4be26e0efb7639eae81.jpg
6925213,https://recipe1.ezmember.co.kr/cache/recipe/2020/01/18/e24e768b24fe53e02bf16c496eab3fe61.jpg
6925214,https://recipe1.ezmember.co.kr/cache/recipe/2020/01/18/fa64d80659fe0d8a09dff616b48a7d441.jpg
6925219,https://recipe1.ezmember.co.kr/cache/recipe/2020/01/19/58b3dd4e2d53675a7d169ef5afee1ea01.jpg
6925343,https://recipe1.ezmember.co.kr/cache/recipe/2020/01/21/b8c2bee05e845adac3ed69c9bb679da91.jpg
6925421,https://recipe1.ezmember.co.kr/cache/recipe/2020/01/23/38e46049dcc1de7a07d4073742be3af51.jpg
6925484,https://recipe1.ezmember.co.kr/cache/recipe/2020/01/24/3edcf027b3d7e5bb1d900fad1046a9b41.jpg
6925492,https://recipe1.ezmember.co.kr/cache/recipe/2020/01/24/2238457efb04dd9b5b40fc30621a48021.jpg
6925764,https://recipe1.ezmember.co.kr/cache/recipe/2020/02/01/ba156975b0e2b523f0002f0598da8b351.jpg
6925931,https://recipe1.ezmember.co.kr/cache/recipe/2020/02/04/ff60c435c5ee1bd0297ddccdf22335911.jpg
6925974,https://recipe1.ezmember.co.kr/cache/recipe/2020/02/04/619fb140ae7592bba29db4066c0013851.jpg
6926137,https://recipe1.ezmember.co.kr/cache/recipe/2020/02/06/57a19c4ea94494c2c1fb9cbbc50858b41.jpg
6926227,https://recipe1.ezmember.co.kr/cache/recipe/2020/02/08/4aaced3d9230c29fc4c13a11bbda33b51.jpg
6926296,https://recipe1.ezmember.co.kr/cache/recipe/2020/02/10/1e8ee6b117091437cfae3f1dc58c88171.jpg
6926347,https://recipe1.ezmember.co.kr/cache/recipe/2020/02/10/8ec13191a686768d93a192f0b96572541.jpg
6926462,https://recipe1.ezmember.co.kr/cache/recipe/2020/02/12/822ee6f5a5739da4a3b8138c68c5081e1.jpg
6926806,https://recipe1.ezmember.co.kr/cache/recipe/2020/02/18/16c225cfb23e2ccfa6afaf12789514b41.jpg
6927039,https://recipe1.ezmember.co.kr/cache/recipe/2020/02/22/c71899c035196d4a73c80df4d257e7321.jpg
6927111,https://recipe1.ezmember.co.kr/cache/recipe/2020/02/24/a1f17eca454feffda1edf047a6407f3b1.jpg
6927697,https://recipe1.ezmember.co.kr/cache/recipe/2020/03/04/0d5da6197e28e398e2264fc47316a0b21.jpg
6927866,https://recipe1.ezmember.co.kr/cache/recipe/2020/03/06/4643e5b0713f30fd3bf97fb7ea61f9a21.jpg
6927903,https://recipe1.ezmember.co.kr/cache/recipe/2020/03/07/190d129331b213bfa242981de6c3bbb91.jpg
6928018,https://recipe1.ezmember.co.kr/cache/recipe/2020/03/08/3800377af97a5041798750e0823a02201.jpg
6928057,https://recipe1.ezmember.co.kr/cache/recipe/2020/03/09/fa039cafb99c4ee13800e09b03c205591.jpg
6928149,https://recipe1.ezmember.co.kr/cache/recipe/2020/03/10/7213a7e3a03252d4b236b26d69b819381.jpg
6928665,https://recipe1.ezmember.co.kr/cache/recipe/2020/03/17/b4096359c5a5c6631fbb6e1d37b631081.jpg
6928697,https://recipe1.ezmember.co.kr/cache/recipe/2020/03/17/3117b7370513aeab6cc6a18a71ee9d6a1.jpg
6928839,https://recipe1.ezmember.co.kr/cache/recipe/2020/03/19/d5a1e2f75eb2834760c9bbe64d02f7581.jpg
6928891,https://recipe1.ezmember.co.kr/cache/recipe/2020/03/20/894e9de626f0ab3d69d7f75ce520a3581.jpg
6929031,https://recipe1.ezmember.co.kr/cache/recipe/2020/03/22/6a8eeb3f7ef6313663ecea249b5be5c41.jpg
6929171,https://recipe1.ezmember.co.kr/cache/recipe/2020/03/24/2db59e4682b396909fe125328c14e5e71.jpg
6929199,https://recipe1.ezmember.co.kr/cache/recipe/2020/03/24/0fbce6566d781815efcf3f319232a41f1.jpg
6929249,https://recipe1.ezmember.co.kr/cache/recipe/2020/03/25/379309fa2a1156e80c552c771a5f5dfa1.jpg
6929393,https://recipe1.ezmember.co.kr/cache/recipe/2020/03/24/bb5e2c7c2713cf8dacb2a068c699bd9a1.jpg
6929684,https://recipe1.ezmember.co.kr/cache/recipe/2020/04/01/6fece9fddaad860ee89045bb0d83dff51.jpg
6929834,https://recipe1.ezmember.co.kr/cache/recipe/2020/04/02/110a7c3ede8eaec57d2f8e18d13f78ca1.jpg
6929841,https://recipe1.ezmember.co.kr/cache/recipe/2020/04/03/3a482846905696d0e49b9f433256fddc1.jpg
6930054,https://recipe1.ezmember.co.kr/cache/recipe/2020/04/06/e61beba00d2b873542507672e85109891.jpg
6930063,https://recipe1.ezmember.co.kr/cache/recipe/2020/04/06/c60e3aff49ca09d8ebfc445e68b377ae1.jpg
6930318,https://recipe1.ezmember.co.kr/cache/recipe/2020/03/06/8db7945ab224c2b0aab447c17d105f0b1.jpg
6930357,https://recipe1.ezmember.co.kr/cache/recipe/2020/04/10/36bc052403dc19fee711c1599b6d9b3c1.jpg
6931037,https://recipe1.ezmember.co.kr/cache/recipe/2020/04/18/3c45c3b6f37a95ad01cd665a68041bca1.jpg
6931073,https://recipe1.ezmember.co.kr/cache/recipe/2020/04/19/5e307037da8f57dba6a77ce82d2d556b1.jpg
6931232,https://recipe1.ezmember.co.kr/cache/recipe/2020/04/21/92f2db43654814b8152ca2c80269a1e71.jpg
6931308,https://recipe1.ezmember.co.kr/cache/recipe/2020/04/22/be335c358f74a615845b03a5512083d11.jpg
6931369,https://recipe1.ezmember.co.kr/cache/recipe/2020/04/23/407c5f70cede630e9997684726104fcc1.jpg
6931448,https://recipe1.ezmember.co.kr/cache/recipe/2020/04/23/6be8a3e3587164c2d438d49515efa8d01.jpg
6931462,https://recipe1.ezmember.co.kr/cache/recipe/2020/04/24/cc3698880555bfea16a3a984961c93321.jpg
6931557,https://recipe1.ezmember.co.kr/cache/recipe/2020/04/26/9073d0dafbb15ef1c5e62dfd19114aaf1.jpg
6931664,https://recipe1.ezmember.co.kr/cache/recipe/2020/04/27/f7eb6c18754850e1cd1e49efc90ed65c1.jpg
6931810,https://recipe1.ezmember.co.kr/cache/recipe/2020/04/29/85d2ad5c88381839fcaa2cd32cac56f51.jpg
6931985,https://recipe1.ezmember.co.kr/cache/recipe/2020/05/03/685e430d4bf39d499a1b487dde4102201.jpg
6932023,https://recipe1.ezmember.co.kr/cache/recipe/2020/05/03/bd0766895ea91bc658aa8eb19ca444501.jpg
6932125,https://recipe1.ezmember.co.kr/cache/recipe/2020/05/05/50fa51b952929eea9650e08e451612111.jpg
6932193,https://recipe1.ezmember.co.kr/cache/recipe/2020/05/02/35ee5216dba9ea8ae7adbe7de30aba151.jpg
6932263,https://recipe1.ezmember.co.kr/cache/recipe/2020/05/07/d87beae6ba55268124ebd74398030e8f1.jpg
6932266,https://recipe1.ezmember.co.kr/cache/recipe/2020/05/07/d19fe9fac05dc48fbe1f85edaea4c7a81.jpg
6932511,https://recipe1.ezmember.co.kr/cache/recipe/2020/05/06/a95d16ff2d905c6eae9d51a7ee047eab1.jpg
6932533,https://recipe1.ezmember.co.kr/cache/recipe/2020/05/12/3ac6354dab490d986a1160eaaeb0b41b1.jpg
6932679,https://recipe1.ezmember.co.kr/cache/recipe/2020/05/14/9d81fb398cb77c9ae5ba625171b1e3f51.jpg
6932763,https://recipe1.ezmember.co.kr/cache/recipe/2020/05/03/e7e57336358481c5bc6d8248364eff1e1.jpg
6932925,https://recipe1.ezmember.co.kr/cache/recipe/2020/05/19/ceced0b5e4fb69f3d9cb41e06bef8d901.jpg
6932959,https://recipe1.ezmember.co.kr/cache/recipe/2020/05/17/37ea079a417f2179074a47f5b36b18751.jpg
6932961,https://recipe1.ezmember.co.kr/cache/recipe/2020/05/19/ea6d48537b075b70da88232d8fea93a01.jpg
6933100,https://recipe1.ezmember.co.kr/cache/recipe/2020/05/22/c37bb411f93e3fc633fa7ca3df883c971.jpg
6933178,https://recipe1.ezmember.co.kr/cache/recipe/2020/05/23/6565e96b57f266702f69b75c13aaadc81.jpg
6933257,https://recipe1.ezmember.co.kr/cache/recipe/2020/05/25/e37061001793b52202ddbc213f58c3bf1.jpg
6933450,https://recipe1.ezmember.co.kr/cache/recipe/2020/05/30/efc843e26a27c6aa18b0c16f27cbb6491.jpg
6933574,https://recipe1.ezmember.co.kr/cache/recipe/2020/06/01/f69eccafed2ec9b944b2a41f62bfb59e1.jpg
6933641,https://recipe1.ezmember.co.kr/cache/recipe/2020/06/01/19dff6e31eaf51aa8b857715dd9044281.jpg
6933712,https://recipe1.ezmember.co.kr/cache/recipe/2020/06/03/1b819ebb0a104f3d2d96a726994cc6761.jpg
6933825,https://recipe1.ezmember.co.kr/cache/recipe/2020/06/05/05bbfd5766c626bf65a915b13bd177b81.jpg
6933989,https://recipe1.ezmember.co.kr/cache/recipe/2020/06/08/f1f4db58d2b3806d6b77ffae00eb74eb1.jpg
6934299,https://recipe1.ezmember.co.kr/cache/recipe/2020/06/13/b925b04d125b8d8afe0f6df80875941d1.jpg
6934441,https://recipe1.ezmember.co.kr/cache/recipe/2020/06/16/8ff2963bdb0eab5b87fbdb75fc66abe21.jpg
6934476,https://recipe1.ezmember.co.kr/cache/recipe/2020/06/17/41f36e22404c059d9750b8eabcddb77f1.jpg
6934530,https://recipe1.ezmember.co.kr/cache/recipe/2020/06/18/c51599f5b8303f8dea3811ab22fad7451.jpg
6934578,https://recipe1.ezmember.co.kr/cache/recipe/2020/06/18/542f6bbddea5c16d1de47f1f3ecae8de1.jpg
6934637,https://recipe1.ezmember.co.kr/cache/recipe/2020/06/20/b8311a28a543cd6db7501eb72318eafc1.jpg
6934832,https://recipe1.ezmember.co.kr/cache/recipe/2020/06/23/79913688ce140ef9fbce6b1dfad6c37e1.jpg
6934891,https://recipe1.ezmember.co.kr/cache/recipe/2020/06/24/b95273da1e769fd67cef85a5d0ccbf6c1.jpg
6935033,https://recipe1.ezmember.co.kr/cache/recipe/2020/06/25/5a57f9541e64f0b60115df4a2ace62791.jpg
6935353,https://recipe1.ezmember.co.kr/cache/recipe/2020/06/30/9b76e92138897d8c5bb3b0b60effba081.jpg
6935429,https://recipe1.ezmember.co.kr/cache/recipe/2020/07/01/bc79cc6334984a7a05bfd5e5ed07bd8d1.jpg
6935916,https://recipe1.ezmember.co.kr/cache/recipe/2020/07/07/94a65d35fb5d5b9ce96d7b933b0b33011.jpg
6936280,https://recipe1.ezmember.co.kr/cache/recipe/2020/07/10/544c93169cbc6f0990e86216152501991.jpg
6936324,https://recipe1.ezmember.co.kr/cache/recipe/2020/07/11/ffd9c192405c1b6d757945b0033a9d9d1.jpg
6936506,https://recipe1.ezmember.co.kr/cache/recipe/2020/07/13/a6dbe400b6a20cb22dc87ffe663ac8ed1.jpg
6936596,https://recipe1.ezmember.co.kr/cache/recipe/2020/07/14/0f2c5968bad6c0214579054e1e3f2a191.jpg
6936672,https://recipe1.ezmember.co.kr/cache/recipe/2020/07/15/8879eb5c93df299a81ee2c7e05d10f7f1.jpg
6936742,https://recipe1.ezmember.co.kr/cache/recipe/2020/07/15/1cf11e29219ff1b0842a0b4058142cf11.jpg
6936816,https://recipe1.ezmember.co.kr/cache/recipe/2020/07/16/391b50453296dab874f4c514509e17c81.jpg
6936834,https://recipe1.ezmember.co.kr/cache/recipe/2020/07/16/50c7d190c3365056fc0525718aa47ecf1.jpg
6937042,https://recipe1.ezmember.co.kr/cache/recipe/2020/07/19/da850489c6028b6fd67bc2fffe1fa3761.jpg
6937080,https://recipe1.ezmember.co.kr/cache/recipe/2020/07/20/f03e53e61c813b02a1e116c2f762fa781.jpg
6937304,https://recipe1.ezmember.co.kr/cache/recipe/2020/07/22/18c4692258770252862059e590d740171.jpg
6937338,https://recipe1.ezmember.co.kr/cache/recipe/2020/07/23/42fe6c60a4d5cc435329ed6fff04933d1.jpg
6937339,https://recipe1.ezmember.co.kr/cache/recipe/2020/07/23/0545f984275cfe2dd6ac7b12375e77591.jpg
6937428,https://recipe1.ezmember.co.kr/cache/recipe/2020/07/24/cb1861164dff0345a430ce4f40f49a351.jpg
6937461,https://recipe1.ezmember.co.kr/cache/recipe/2020/07/23/4ea4584fcdec428a38b79080a95795ba1.jpg
6937739,https://recipe1.ezmember.co.kr/cache/recipe/2020/07/28/e2d48fc59fa59ea51302e78c5a0584961.jpg
6937860,https://recipe1.ezmember.co.kr/cache/recipe/2020/07/29/ba80b78f2d69be492532f1ac9969f5041.jpg
6937965,https://recipe1.ezmember.co.kr/cache/recipe/2020/07/29/e8ea9e89ccc429b4ed4b057e8d2d52cc1.jpg
6937975,https://recipe1.ezmember.co.kr/cache/recipe/2020/07/29/cb52912aad8816b25d71d6902295e08e1.jpg
6938026,https://recipe1.ezmember.co.kr/cache/recipe/2020/08/09/aa197ca4e62f55cc3c55858b7a35396e1.jpg
6938224,https://recipe1.ezmember.co.kr/cache/recipe/2020/08/02/2dc85cf151bb9ce2609315dfdc7431d21.jpg
6938377,https://recipe1.ezmember.co.kr/cache/recipe/2020/08/05/b70ea4fa8e584ea4db960183157b6f801.jpg
6938425,https://recipe1.ezmember.co.kr/cache/recipe/2020/08/05/e8bed219832bb9baa439653a818f78741.jpg
6938439,https://recipe1.ezmember.co.kr/cache/recipe/2020/08/04/96e926a01c0dbff4a58c2ceac82a0b9b1.jpg
6938583,https://recipe1.ezmember.co.kr/cache/recipe/2020/08/07/83a6558d9b67d6bbb0b2fa61fde2cbbf1.jpg
6938640,https://recipe1.ezmember.co.kr/cache/recipe/2020/08/08/2087e8bb30f243ff9ff87cd6478f05b21.jpg
6938645,https://recipe1.ezmember.co.kr/cache/recipe/2020/08/08/adc3e41d5b26754be32f4ebf63e62fe41.jpg
6938788,https://recipe1.ezmember.co.kr/cache/recipe/2020/08/10/4a996b674ffd8d51edd3c75df04616641.jpg
6938937,https://recipe1.ezmember.co.kr/cache/recipe/2020/08/11/953079fe3aba6bfe64fccf624388bcbd1.jpg
6938951,https://recipe1.ezmember.co.kr/cache/recipe/2020/08/12/d7cb2be6bfb502a50ea4d547fd9443b21.jpg
6938985,https://recipe1.ezmember.co.kr/cache/recipe/2020/08/12/2e694c3f1de6595493f62ac2dc4f861b1.jpg
6939129,https://recipe1.ezmember.co.kr/cache/recipe/2020/08/12/75692d297c468e93cb8d436552a1b79a1.jpg
6939332,https://recipe1.ezmember.co.kr/cache/recipe/2020/08/16/28243517db359183dc0856a37600c7241.jpg
6939401,https://recipe1.ezmember.co.kr/cache/recipe/2020/08/17/95fec6b602534a38e44e215b270db2e11.jpg
6939585,https://recipe1.ezmember.co.kr/cache/recipe/2020/08/19/672d100d364a4e9a12e67fbccfa287f51.jpg
6939590,https://recipe1.ezmember.co.kr/cache/recipe/2020/08/19/cd6bc9e74a13c8b8a5658c4a4f58b75c1.jpg
6939595,https://recipe1.ezmember.co.kr/cache/recipe/2020/08/19/55bc9b1c0b76fb4bada6b3ea523ca3a51.jpg
6939651,https://recipe1.ezmember.co.kr/cache/recipe/2020/08/20/1feadbce5f0b96c19ebf200d1459eb8f1.jpg
6939961,https://recipe1.ezmember.co.kr/cache/recipe/2020/08/24/4b3eda84a70c4ce4e5211a9877d24de21.jpg
6940074,https://recipe1.ezmember.co.kr/cache/recipe/2020/08/25/929c4b213204717aa1a6ce8b526604bd1.jpg
6940154,https://recipe1.ezmember.co.kr/cache/recipe/2020/08/26/98318bcae3d016b4373fb286df38062b1.jpg
6940176,https://recipe1.ezmember.co.kr/cache/recipe/2020/08/26/70d8dd5a8818a016389b7b715c3643941.jpg
6940590,https://recipe1.ezmember.co.kr/cache/recipe/2020/09/01/f4eb009947d5fff232e064b2646af6fe1.jpg
6940601,https://recipe1.ezmember.co.kr/cache/recipe/2020/09/01/f020af38565a6f25d8915b680b4b5d171.jpg
6940645,https://recipe1.ezmember.co.kr/cache/recipe/2020/08/25/c2013b96defbdddf45cbac1a948a79f21.jpg
6940929,https://recipe1.ezmember.co.kr/cache/recipe/2020/09/04/92dcc4e6491146b77c810865c262e7621.jpg
6940947,https://recipe1.ezmember.co.kr/cache/recipe/2020/09/02/bc9085741dc85fac654348adb0b2834a1.jpg
6940964,https://recipe1.ezmember.co.kr/cache/recipe/2020/09/05/3bccaf9956638a8f075462cb802289f31.jpg
6941118,https://recipe1.ezmember.co.kr/cache/recipe/2020/09/07/47d70453f180a73a31f7408bd838cc2d1.jpg
6941126,https://recipe1.ezmember.co.kr/cache/recipe/2020/09/07/c03dcffec7b059301d252ccb2135c99a1.jpg
6941166,https://recipe1.ezmember.co.kr/cache/recipe/2020/09/07/56e71c212694411fc34a6d446e74e45d1.jpg
6941167,https://recipe1.ezmember.co.kr/cache/recipe/2020/09/07/454bb2104e6d82da441dd7fb2ce078c61.jpg
6941174,https://recipe1.ezmember.co.kr/cache/recipe/2020/09/07/5ad1db03befe35e855457e28bdcbe5561.jpg
6941190,https://recipe1.ezmember.co.kr/cache/recipe/2020/09/07/2ba93eee8b503ea6ffb638dc52827aa81.jpg
6941261,https://recipe1.ezmember.co.kr/cache/recipe/2020/09/08/52110f292b905a27c30ea6bfed246a491.jpg
6941446,https://recipe1.ezmember.co.kr/cache/recipe/2020/09/10/3249aba59635ec5c443af7a7c73de06d1.jpg
6941458,https://recipe1.ezmember.co.kr/cache/recipe/2020/09/10/8a785f1a1253c708e8d1170f61ed19d11.jpg
6941477,https://recipe1.ezmember.co.kr/cache/recipe/2020/09/10/fedb1ebffee0e064c12a2b14cf03c4961.jpg
6941504,https://recipe1.ezmember.co.kr/cache/recipe/2020/09/10/2ecfe85453dd8ef9a58d0e34583da5b71.jpg
6941514,https://recipe1.ezmember.co.kr/cache/recipe/2020/09/11/66f64ec04e81e7ab93968decb884fbcd1.jpg
6941520,https://recipe1.ezmember.co.kr/cache/recipe/2020/09/11/9af2f9c7113848ea19440c77623d53021.jpg
6941527,https://recipe1.ezmember.co.kr/cache/recipe/2020/09/11/72877c78a7dba626fb9735e636c5dfb81.jpg
6941610,https://recipe1.ezmember.co.kr/cache/recipe/2020/09/12/664d9e2f38ef9c19f53b5ff04523c2371.jpg
6941820,https://recipe1.ezmember.co.kr/cache/recipe/2020/09/14/b6cca954683af9af4084343c600138ac1.jpg
6941850,https://recipe1.ezmember.co.kr/cache/recipe/2020/09/14/3453420ab6d8f7e9cf60674ce7c45a851.jpg
6941893,https://recipe1.ezmember.co.kr/cache/recipe/2020/09/15/1cd29c17f09409a5eea12d652df3a8521.jpg
6941948,https://recipe1.ezmember.co.kr/cache/recipe/2020/09/15/0a25f3ee2c902af0f2a03111a75458141.jpg
6941999,https://recipe1.ezmember.co.kr/cache/recipe/2020/09/16/21f50e865e243362d7c0b2666f5b64311.jpg
6942100,https://recipe1.ezmember.co.kr/cache/recipe/2020/09/17/1dcfce407d42a85af7793452def6c87f1.jpg
6942149,https://recipe1.ezmember.co.kr/cache/recipe/2020/09/03/00abc3870cad4df4e8dee7484d99e9871.jpg
6942233,https://recipe1.ezmember.co.kr/cache/recipe/2020/09/22/12ecca6bd8aee7909e6dfa609a54504d1.jpg
6942243,https://recipe1.ezmember.co.kr/cache/recipe/2020/09/19/2132ee13425cf260f3d357e39588abfb1.jpg
6942344,https://recipe1.ezmember.co.kr/cache/recipe/2020/09/20/9bf13ab4dc60742b5d90f202f8c2a6b91.jpg
6942352,https://recipe1.ezmember.co.kr/cache/recipe/2020/09/20/36b4cbf209ed537ad9aa1ecc2f89f5ec1.jpg
6942381,https://recipe1.ezmember.co.kr/cache/recipe/2020/09/20/1806803d09dc927e01651e44de5623e41.jpg
6942476,https://recipe1.ezmember.co.kr/cache/recipe/2020/09/21/d6600cbab724a844d0d1eab6437f8c181.jpg
6942524,https://recipe1.ezmember.co.kr/cache/recipe/2020/09/22/69d825a8503fba96161547cda69670fe1.jpg
6942559,https://recipe1.ezmember.co.kr/cache/recipe/2020/09/22/a7999ab44d13b41c9e48183d896c60961.jpg
6942746,https://recipe1.ezmember.co.kr/cache/recipe/2020/09/22/923e46da6e5e3f9e1945c2dade607e381.jpg
6942803,https://recipe1.ezmember.co.kr/cache/recipe/2020/09/25/0de966be430dacc517f92ce82aef5d331.jpg
6942809,https://recipe1.ezmember.co.kr/cache/recipe/2020/09/25/4c9085e0460cea1ba9866bc9dab96afa1.jpg
6942832,https://recipe1.ezmember.co.kr/cache/recipe/2020/09/25/1ea3409483f93e2f6f6745040b1ad2fe1.jpg
6942953,https://recipe1.ezmember.co.kr/cache/recipe/2020/09/27/40d789723de91fc4c9347123551b45231.jpg
6942969,https://recipe1.ezmember.co.kr/cache/recipe/2020/09/27/872238eccfc6a3826a849f1a01f804261.jpg
6942991,https://recipe1.ezmember.co.kr/cache/recipe/2020/09/27/e43c4e81afb585f5e3d5075e0d1ccaef1.jpg
6943087,https://recipe1.ezmember.co.kr/cache/recipe/2020/09/29/6b8ba5af924b6b71519d7cebe37f3a281.jpg
6943105,https://recipe1.ezmember.co.kr/cache/recipe/2020/09/29/63049a8cf858124e6ae82e35c9816e071.jpg
6943109,https://recipe1.ezmember.co.kr/cache/recipe/2020/09/29/2a35fa6419fb73b98b3dac064196a37f1.jpg
6943135,https://recipe1.ezmember.co.kr/cache/recipe/2020/09/29/dc14811ca9001cdc4dcc9ea4319f40941.jpg
6943190,https://recipe1.ezmember.co.kr/cache/recipe/2020/10/01/ec1f8cd19abc48beb0bf66931c59f5a01.jpg
6943191,https://recipe1.ezmember.co.kr/cache/recipe/2020/09/30/3eef370a98aff287d28bc3e233e38b7a1.jpg
6943200,https://recipe1.ezmember.co.kr/cache/recipe/2020/10/01/5272783a1a1e7471e7e0e86615fe0ab21.jpg
6943241,https://recipe1.ezmember.co.kr/cache/recipe/2020/10/02/adf86f5b8b83bfe432a2af828c0d214f1.jpg
6943290,https://recipe1.ezmember.co.kr/cache/recipe/2020/10/03/9769c2f180d62f6e7ff1669a81d47f331.jpg
6943548,https://recipe1.ezmember.co.kr/cache/recipe/2020/10/07/d7b9ac4f58171fb7d58082ab34d141581.jpg
6943943,https://recipe1.ezmember.co.kr/cache/recipe/2020/10/12/bd78f95ab6e9e61f7da61389f91e4d161.jpg
6944002,https://recipe1.ezmember.co.kr/cache/recipe/2020/10/13/d883fab0d62e58413980f2b9df2727b81.jpg
6944055,https://recipe1.ezmember.co.kr/cache/recipe/2020/10/13/b551d8eaf5db950d50fdbbb9514138571.jpg
6944174,https://recipe1.ezmember.co.kr/cache/recipe/2020/10/14/c42a25e18041fecf7ba153de1290e7f71.jpg
6944309,https://recipe1.ezmember.co.kr/cache/recipe/2020/10/16/6ae18bfa30f7e2db3814f008249216f91.jpg
6944384,https://recipe1.ezmember.co.kr/cache/recipe/2020/10/17/21aaed558f106203918c406eaa7253ac1.jpg
6944629,https://recipe1.ezmember.co.kr/cache/recipe/2020/10/20/4b46c78a77b58722662e9de2d1d3fff71.jpg
6944738,https://recipe1.ezmember.co.kr/cache/recipe/2020/10/21/b010a9c1a5565c027390f26a1eab6edf1.jpg
6944897,https://recipe1.ezmember.co.kr/cache/recipe/2020/10/23/a761df4e8cc5930e94cacdebe92faf741.jpg
6944985,https://recipe1.ezmember.co.kr/cache/recipe/2020/10/20/69a8dfc15b6465a0b977c2d88cff27741.jpg
6945013,https://recipe1.ezmember.co.kr/cache/recipe/2020/10/26/8f99aece961b669d61029d53b0194f891.jpg
6945446,https://recipe1.ezmember.co.kr/cache/recipe/2020/11/01/7a4345fb6ee416cc9a83bd64ea2f61011.jpg
6945447,https://recipe1.ezmember.co.kr/cache/recipe/2020/11/02/d553aa1cd9a4878678434f55ac7f53c01.jpg
6945540,https://recipe1.ezmember.co.kr/cache/recipe/2020/11/03/5890676a936b0f866a0f5d1cbeb958091.jpg
6945632,https://recipe1.ezmember.co.kr/cache/recipe/2020/11/04/fba513be649a3ac0c3610ff74fd970641.jpg
6945779,https://recipe1.ezmember.co.kr/cache/recipe/2020/11/06/6774aadcea95cbb9274b8300a44a0c3e1.jpg
6946150,https://recipe1.ezmember.co.kr/cache/recipe/2020/11/12/b635476b3ea516b6ed9b5a76b43578221.jpg
6946167,https://recipe1.ezmember.co.kr/cache/recipe/2020/11/12/74370877e3509baef4c7baed02e174ab1.jpg
6946317,https://recipe1.ezmember.co.kr/cache/recipe/2020/11/14/299d229dbfe5f71e66b1aad9696d5d4b1.jpg
6946368,https://recipe1.ezmember.co.kr/cache/recipe/2020/11/16/1ecfaf34bfc12a2907929e99a986405d1.jpg
6946864,https://recipe1.ezmember.co.kr/cache/recipe/2020/11/23/315636663d49bcc3da2358ba2100fe541.jpg
6947046,https://recipe1.ezmember.co.kr/cache/recipe/2022/12/23/2aba2336eae7e0c7937400b48229bda71.jpg
6947184,https://recipe1.ezmember.co.kr/cache/recipe/2020/11/28/2c2544a9719cccc3a794efe4ca994cd51.jpg
6947507,https://recipe1.ezmember.co.kr/cache/recipe/2020/12/03/3e5b620d349077e7b26b9845f49cead81.jpg
6947804,https://recipe1.ezmember.co.kr/cache/recipe/2020/12/08/2f40ddfedca21181a32ab636c4a18de91.jpg
6947871,https://recipe1.ezmember.co.kr/cache/recipe/2020/12/08/552c4da2eadc7c5f7dc2b284b747d38d1.jpg
6947944,https://recipe1.ezmember.co.kr/cache/recipe/2020/12/09/e11dcb343f66a52035e54e18556a27cb1.jpg
6948514,https://recipe1.ezmember.co.kr/cache/recipe/2020/12/15/019bea694730b3790ac009bc4dfd19ea1.jpg
6948544,https://recipe1.ezmember.co.kr/cache/recipe/2020/12/16/c48f6209dd1b6fc5a1f0998eb466ed6d1.jpg
6948625,https://recipe1.ezmember.co.kr/cache/recipe/2020/12/16/1c58b333ddba94509b8dfd25630145c21.jpg
6948735,https://recipe1.ezmember.co.kr/cache/recipe/2020/12/18/a2c07774d5b71240c1470c58343efae41.jpg
6948748,https://recipe1.ezmember.co.kr/cache/recipe/2020/12/18/be895e5a275e8578e4284a97d484f4bf1.jpg
6949008,https://recipe1.ezmember.co.kr/cache/recipe/2020/12/22/30a1f67f29908ccd1df4f6e37746a8091.jpg
6949045,https://recipe1.ezmember.co.kr/cache/recipe/2020/12/22/81b2d547dfa7e1b53d99e1860cb7e0b21.png
6949116,https://recipe1.ezmember.co.kr/cache/recipe/2020/12/23/ac6bab161230ff37cf2a807c74c10eda1.jpg
6949138,https://recipe1.ezmember.co.kr/cache/recipe/2020/12/23/316d332686a884f0a6d1bfb42dd234961.jpg
6949186,https://recipe1.ezmember.co.kr/cache/recipe/2020/12/24/73bf6262854a76e49a8246257f8be8fd1.jpg
6949434,https://recipe1.ezmember.co.kr/cache/recipe/2020/12/27/42211fee741d925a2d7eb4df92680a921.jpg
6949539,https://recipe1.ezmember.co.kr/cache/recipe/2020/12/29/d8ea06550a55a4fafafad5cdbb27ed281.jpg
6949632,https://recipe1.ezmember.co.kr/cache/recipe/2020/12/28/1716d6b66bcca25c7640c2edabe9a24f1.jpg
6949710,https://recipe1.ezmember.co.kr/cache/recipe/2020/12/31/2f544d3c9e3f24a1ebb33f20b515c42c1.jpg
6949944,https://recipe1.ezmember.co.kr/cache/recipe/2021/01/03/fbc6d1e8fc5b61cfe9a6b7a886de3aed1.jpg
6950276,https://recipe1.ezmember.co.kr/cache/recipe/2021/02/01/f64435be0b17083c68deab3fc1a139c51.jpg
6950351,https://recipe1.ezmember.co.kr/cache/recipe/2021/01/07/9e60159ac7e7742b6e6ae5cae5c8e8801.jpg
6950512,https://recipe1.ezmember.co.kr/cache/recipe/2021/01/10/673efc572e2676c1774459b0b365306c1.jpg
6950515,https://recipe1.ezmember.co.kr/cache/recipe/2021/01/10/f1399b44a3abf5c80f3022b39dc65ba91.jpg
6950606,https://recipe1.ezmember.co.kr/cache/recipe/2021/01/11/0dfe848ce34d4450083057a3ded689061.jpg
6950855,https://recipe1.ezmember.co.kr/cache/recipe/2021/01/13/fd7abf8d94af203283dad7eb94db52441.jpg
6951125,https://recipe1.ezmember.co.kr/cache/recipe/2021/01/15/57a874fb4f87e5a901d612e5d2c742ba1.jpg
6951161,https://recipe1.ezmember.co.kr/cache/recipe/2021/01/16/1744e2b951b41a65b25e5f9b110f55351.jpg
6951347,https://recipe1.ezmember.co.kr/cache/recipe/2021/01/11/f75976e7103a3807a63032613cd491401.jpg
6951540,https://recipe1.ezmember.co.kr/cache/recipe/2021/01/20/2904a1d5f87a377c50e3686db91fae671.jpg
6951669,https://recipe1.ezmember.co.kr/cache/recipe/2021/01/21/c8a1c8d1f03ad02afce026a62ba25a761.jpg
6951789,https://recipe1.ezmember.co.kr/cache/recipe/2021/01/22/83700baecdd9d4514956a6a31492e5fb1.jpg
6951876,https://recipe1.ezmember.co.kr/cache/recipe/2021/01/23/0455322a965d20d933123dddbeda89091.jpg
6951975,https://recipe1.ezmember.co.kr/cache/recipe/2021/01/25/3f185d712011e31a5ddf6b6a77d4f8b51.jpg
6951993,https://recipe1.ezmember.co.kr/cache/recipe/2021/01/25/6d47d809c206548e710f6b8a1e41d26b1.jpg
6952146,https://recipe1.ezmember.co.kr/cache/recipe/2021/01/27/a8dec739f64598cb843a2356eb6bf21e1.jpg
6952163,https://recipe1.ezmember.co.kr/cache/recipe/2021/01/27/be96b8b6f6a676b958dff5448245beba1.jpg
6952194,https://recipe1.ezmember.co.kr/cache/recipe/2021/01/27/895e41571cb0e5d93bb6a5a7247f81121.jpg
6952304,https://recipe1.ezmember.co.kr/cache/recipe/2021/03/13/c82c5424579d09450c3412a5bc8f59f71.jpg
6952438,https://recipe1.ezmember.co.kr/cache/recipe/2021/01/31/f662b05ec40d75adb9d1877ee122f6621.jpg
6952518,https://recipe1.ezmember.co.kr/cache/recipe/2021/02/01/14d7b2eba31ab1a4be22cf55ba2ed7291.jpg
6952626,https://recipe1.ezmember.co.kr/cache/recipe/2021/02/02/0b884134f4d5b187d809f0c9f7e502e31.jpg
6952734,https://recipe1.ezmember.co.kr/cache/recipe/2021/02/03/f4787de34b3bf6c36f97f4e6bfa492d41.jpg
6952770,https://recipe1.ezmember.co.kr/cache/recipe/2021/02/04/1d97ce58a5584faebda0ca4138a436ef1.jpg
6952840,https://recipe1.ezmember.co.kr/cache/recipe/2021/02/05/9179d3ab5e2e0a142bbe0a0c4b330f351.jpg
6952844,https://recipe1.ezmember.co.kr/cache/recipe/2021/02/04/b3304771ab1d03e45c3b119e82d0a24d1.jpg
6952970,https://recipe1.ezmember.co.kr/cache/recipe/2021/02/07/05bfcf5e02b5b9d8ad9f2a3e09f133841.jpg
6953018,https://recipe1.ezmember.co.kr/cache/recipe/2021/02/05/fccea21c79cef3dfab915935c18d4a171.jpg
6953026,https://recipe1.ezmember.co.kr/cache/recipe/2021/02/07/272b4c234f95e17f76224c0497c7fef71.jpg
6953031,https://recipe1.ezmember.co.kr/cache/recipe/2021/02/08/5c92d1505c8a5b50d97e5495f37e35091.jpg
6953071,https://recipe1.ezmember.co.kr/cache/recipe/2021/02/08/f9ce7147f4abbd421e18916b5e97eb3f1.jpg
6953126,https://recipe1.ezmember.co.kr/cache/recipe/2021/02/09/48346dcad9321afecf5749d73af677b11.jpg
6953181,https://recipe1.ezmember.co.kr/cache/recipe/2021/02/09/cfddaa28cc1c0378461ffe4f09f0aeaf1.jpg
6953367,https://recipe1.ezmember.co.kr/cache/recipe/2021/02/13/b603ea6eddcb162c4b9c8808b4a4cd3e1.jpg
6953578,https://recipe1.ezmember.co.kr/cache/recipe/2021/02/01/498e9192ce9caba4af36de6546d9feac1.jpg
6953648,https://recipe1.ezmember.co.kr/cache/recipe/2021/02/17/d9510262b90bf7b3a1fde8ebe200eb0e1.jpg
6953964,https://recipe1.ezmember.co.kr/cache/recipe/2021/02/16/8c56574c9b83f9aecfd4e27ed10410b71.jpg
6953973,https://recipe1.ezmember.co.kr/cache/recipe/2021/02/22/a1f0f7397c726c6d7a518821e2e31a1a1.jpg
6954094,https://recipe1.ezmember.co.kr/cache/recipe/2021/02/21/8e39bbae9f1f7dee010c92836bbb03181.jpg
6954096,https://recipe1.ezmember.co.kr/cache/recipe/2021/02/24/e161f7d4ad9e072fced41818cb61a3a81.jpg
6954157,https://recipe1.ezmember.co.kr/cache/recipe/2021/02/25/90854f4d01b605145c34c37e148dfb391.jpg
6954369,https://recipe1.ezmember.co.kr/cache/recipe/2021/03/01/9edaf7dbe5a3b350e51ed09c2ec27e091.jpg
6954415,https://recipe1.ezmember.co.kr/cache/recipe/2021/03/01/fc6b3a3d84f46a0dbac8771aec18d69a1.jpg
6954468,https://recipe1.ezmember.co.kr/cache/recipe/2021/03/02/e25ba02e45f4b45d4a565a4e577a3c0e1.jpg
6954498,https://recipe1.ezmember.co.kr/cache/recipe/2021/03/02/c369d34e68ba49242cde102f8b9041351.jpg
6954576,https://recipe1.ezmember.co.kr/cache/recipe/2021/03/04/8cb8b781110fc1f965371f9117de7ea71.jpg
6954658,https://recipe1.ezmember.co.kr/cache/recipe/2021/03/05/fbad1d4f2611a01c4fd85870267c19631.jpg
6954683,https://recipe1.ezmember.co.kr/cache/recipe/2021/03/06/ec8cfd9ec15fbd8270833fa16b97d47d1.jpg
6954935,https://recipe1.ezmember.co.kr/cache/recipe/2021/03/09/e679c9a5e6d69daa0b02ddb481b2a32b1.jpg
6954937,https://recipe1.ezmember.co.kr/cache/recipe/2021/03/10/8b9c752559531e9b9928e8e1c3f137c81.jpg
6954941,https://recipe1.ezmember.co.kr/cache/recipe/2021/03/10/2e6da44a6e2d5927e110b2673321f2701.jpg
6954944,https://recipe1.ezmember.co.kr/cache/recipe/2021/03/10/765b5b43c61bb7e970d3387ef3a1e24a1.jpg
6955242,https://recipe1.ezmember.co.kr/cache/recipe/2021/03/15/5b8848c649fea3c36ff04edfff535cef1.jpg
6955516,https://recipe1.ezmember.co.kr/cache/recipe/2021/03/20/540a372b13d0e89d3855b122e5ba730a1.jpg
6955683,https://recipe1.ezmember.co.kr/cache/recipe/2021/03/23/c730b16822f0a0e4fcb765f96562c8f21.jpg
6955736,https://recipe1.ezmember.co.kr/cache/recipe/2021/03/24/61a7894d3c322b71e0354412704caa7c1.jpg
6956005,https://recipe1.ezmember.co.kr/cache/recipe/2021/03/30/1774f48f88fc16a0c75eb8b15671cc851.jpg
6956403,https://recipe1.ezmember.co.kr/cache/recipe/2021/04/07/c858c551496b9acf5c080bd60f45d7c21.jpg
6956804,https://recipe1.ezmember.co.kr/cache/recipe/2021/04/14/cbbdefa9314c61880394f9e64c42607f1.jpg
6956888,https://recipe1.ezmember.co.kr/cache/recipe/2021/04/15/9aa9c6eae0c85bfd4bf14788b9b311f41.jpg
6956982,https://recipe1.ezmember.co.kr/cache/recipe/2021/04/17/b0171f3a8ee9bc352504c49fb8d1339e1.jpg
6957163,https://recipe1.ezmember.co.kr/cache/recipe/2021/04/21/93b721e96a44b41ff632d8057d5c86351.jpg
6957208,https://recipe1.ezmember.co.kr/cache/recipe/2021/04/21/1c85d68087b02f01f50ac6109db4f6771.jpg
6957302,https://recipe1.ezmember.co.kr/cache/recipe/2021/04/23/9b38710932605cd8edd041a03ba7c3a81.jpg
6957305,https://recipe1.ezmember.co.kr/cache/recipe/2021/04/23/3de337dfc4c9b5f32c1b7ea457e45cb61.jpg
6957321,https://recipe1.ezmember.co.kr/cache/recipe/2021/04/24/c848bf1724b06d1b8729685ab61a94a21.jpg
6957365,https://recipe1.ezmember.co.kr/cache/recipe/2021/04/25/13cf80cbd66fbcfbeff6d0147c259e281.jpg
6957583,https://recipe1.ezmember.co.kr/cache/recipe/2021/04/29/07b7c687ca9e0c138eda7656f2a0a6061.jpg
6957594,https://recipe1.ezmember.co.kr/cache/recipe/2021/04/30/60f5f6ac77a1d109f870c80c94a58c111.jpg
6958731,https://recipe1.ezmember.co.kr/cache/recipe/2021/05/21/64138133624eee78547d70a1983863c31.jpg
6958863,https://recipe1.ezmember.co.kr/cache/recipe/2021/05/23/b2f516759812d9976023716b9144b4d41.jpg
6959075,https://recipe1.ezmember.co.kr/cache/recipe/2021/05/25/dfa460cb5548b0f4290473a7841b68481.jpg
6959092,https://recipe1.ezmember.co.kr/cache/recipe/2021/05/27/b0970557000cd64b35050306458212c11.jpg
6959177,https://recipe1.ezmember.co.kr/cache/recipe/2021/05/28/a182a6db72174fae34aa33d56f1f4d671.jpg
6959191,https://recipe1.ezmember.co.kr/cache/recipe/2021/05/29/feefee97041ddd8f2bae89258f4ba6e01.jpg
6959282,https://recipe1.ezmember.co.kr/cache/recipe/2021/05/31/68fbf1b68cbf0213f69c8cb716a466191.jpg
6959510,https://recipe1.ezmember.co.kr/cache/recipe/2021/06/03/99433e9205a9be9ae2fb29620e015c1a1.jpg
6959763,https://recipe1.ezmember.co.kr/cache/recipe/2021/06/07/74c58f125e9ee96aa1d69cfb7daa4a841.jpg
6960044,https://recipe1.ezmember.co.kr/cache/recipe/2021/06/11/36e76da38d0626ce941174103dcf49c81.jpg
6960137,https://recipe1.ezmember.co.kr/cache/recipe/2021/06/13/83843f103e9f041f5afb60fd5a54a9951.jpg
6960139,https://recipe1.ezmember.co.kr/cache/recipe/2021/06/13/f592d32ed5d69d292ee0ee2343eb92fa1.jpg
6960195,https://recipe1.ezmember.co.kr/cache/recipe/2021/06/14/586d49e997376c9f29c7c25e9c383ee11.jpg
6960401,https://recipe1.ezmember.co.kr/cache/recipe/2021/06/18/9ff07b994c9bf73df94070ea85cde33d1.jpg
6960595,https://recipe1.ezmember.co.kr/cache/recipe/2021/06/22/cac4a14f9991ab1e14d2961f7cc15d451.jpg
6960670,https://recipe1.ezmember.co.kr/cache/recipe/2021/06/24/ad3eb78ead2d4da356356fa7d7cee2771.jpg
6960983,https://recipe1.ezmember.co.kr/cache/recipe/2021/07/01/cee71c3f8b235edad81f619562d076fc1.jpg
6961086,https://recipe1.ezmember.co.kr/cache/recipe/2021/07/02/4707eafa0c9cf1bd2ce73c8abbcb77b21.jpg
6961183,https://recipe1.ezmember.co.kr/cache/recipe/2021/07/04/a35952e91cd4c97d7f52d8a11970ee2d1.jpg
6961256,https://recipe1.ezmember.co.kr/cache/recipe/2021/07/05/11cd74e2cdafec90bb17a8615004438a1.jpg
6961355,https://recipe1.ezmember.co.kr/cache/recipe/2021/07/07/fbc79be7851743312fa7726a6dfab7eb1.jpg
6961604,https://recipe1.ezmember.co.kr/cache/recipe/2021/07/12/2a8a5680e068dae00b5a7c3130382dbe1.jpg
6961823,https://recipe1.ezmember.co.kr/cache/recipe/2021/07/16/9680ee130f24005db755831b23914d251.jpg
6961898,https://recipe1.ezmember.co.kr/cache/recipe/2021/07/17/e320c32da93cf7d6ff68f667784af5d71.png
6961913,https://recipe1.ezmember.co.kr/cache/recipe/2021/07/17/8aebbc08fca541833da97569c71659ad1.jpg
6961925,https://recipe1.ezmember.co.kr/cache/recipe/2021/07/18/7c81c03f18fef73628f1143c8f4a84101.jpg
6962042,https://recipe1.ezmember.co.kr/cache/recipe/2021/07/20/795d3239734fb1b573f92f92f9cd7d5e1.jpg
6962113,https://recipe1.ezmember.co.kr/cache/recipe/2021/07/21/a3b3e5879a1cb012bfd46a74761ae5d01.jpg
6962442,https://recipe1.ezmember.co.kr/cache/recipe/2021/07/28/1c42b90abc5f069352d562979d24eb651.jpg
6962499,https://recipe1.ezmember.co.kr/cache/recipe/2021/07/30/fcdbbcea5d2b5913b0b46f2b6c5df8561.jpg
6962514,https://recipe1.ezmember.co.kr/cache/recipe/2021/07/30/2b4cc4962610eb63a3718b72a22fb15f1.jpg
6962582,https://recipe1.ezmember.co.kr/cache/recipe/2021/08/01/19c430720da25e7b0565961c6f0b528d1.jpg
6962738,https://recipe1.ezmember.co.kr/cache/recipe/2021/08/04/81df78c290157dd1bfbc108bf265b3591.jpg
6962806,https://recipe1.ezmember.co.kr/cache/recipe/2021/07/23/5a07c40c06792e37f21228055e5a443c1.jpg
6962876,https://recipe1.ezmember.co.kr/cache/recipe/2021/08/06/4098cfaedef7df6f9e673728e157b5921.jpg
6963106,https://recipe1.ezmember.co.kr/cache/recipe/2021/08/11/69223056bde65820ffc66675aad6e3a31.jpg
6963270,https://recipe1.ezmember.co.kr/cache/recipe/2021/08/13/4612df4e2e2eee0e8ee8ecada84d5e621.jpg
6963371,https://recipe1.ezmember.co.kr/cache/recipe/2021/08/15/7bb454cb310a8b6320974d9447ce8d6d1.jpg
6963414,https://recipe1.ezmember.co.kr/cache/recipe/2021/08/16/ba53065492954a7503f89ce673d799df1.jpg
6963773,https://recipe1.ezmember.co.kr/cache/recipe/2021/08/22/4470b8c5923382e3a4b35d2385001b481.jpg
6963778,https://recipe1.ezmember.co.kr/cache/recipe/2021/08/22/33fef69beb75faf7bf6e3c9ce0a9a6d31.jpg
6963851,https://recipe1.ezmember.co.kr/cache/recipe/2021/08/23/6bae17894ea204461889f6629834a5911.jpg
6964030,https://recipe1.ezmember.co.kr/cache/recipe/2021/08/26/3503a38bb984ade8c4403def3d1377271.jpg
6964312,https://recipe1.ezmember.co.kr/cache/recipe/2021/09/01/e6f43ccec44992922b7dfcdaa3eab8c21.jpg
6964629,https://recipe1.ezmember.co.kr/cache/recipe/2021/09/06/2f375fed2f6d8c8d269dfa54fde066b81.jpg
6964684,https://recipe1.ezmember.co.kr/cache/recipe/2021/04/16/1b80b6e3b81faf50228772de68ab2a421.jpg
6964740,https://recipe1.ezmember.co.kr/cache/recipe/2021/09/08/5a99ecf18249f223bfe26e6b77cd3b881.jpg
6964761,https://recipe1.ezmember.co.kr/cache/recipe/2021/09/08/e62afe1599cd69f93e425d527a1d7f841.jpg
6964926,https://recipe1.ezmember.co.kr/cache/recipe/2021/05/04/27b612b9244c942e61854e3e5205c8311.jpg
6964942,https://recipe1.ezmember.co.kr/cache/recipe/2021/09/10/66f6ca1f709b102dcf0b5ec88d0352671.jpg
6964943,https://recipe1.ezmember.co.kr/cache/recipe/2021/09/10/c7d61132459cbfe19a6f683a9c395d361.jpg
6964968,https://recipe1.ezmember.co.kr/cache/recipe/2021/09/11/12d2fd07cb978fef4eef6b7dc971c98a1.jpg
6965018,https://recipe1.ezmember.co.kr/cache/recipe/2021/09/12/ca2cdfcf6be01ce278ac50a94b29d7d91.jpg
6965107,https://recipe1.ezmember.co.kr/cache/recipe/2021/09/13/caf0c5260a5bf30842d0db1a280048f01.jpg
6965187,https://recipe1.ezmember.co.kr/cache/recipe/2021/09/14/e568695fc1fe94bfdba26042ae9747671.jpg
6965228,https://recipe1.ezmember.co.kr/cache/recipe/2021/09/15/b9c727a57f19bc812c00c2151a1f4a081.jpg
6965320,https://recipe1.ezmember.co.kr/cache/recipe/2021/09/16/a5c049e085d1ad298a5480aafc554c5d1.jpg
6965350,https://recipe1.ezmember.co.kr/cache/recipe/2021/09/17/8bd9c6ee3bd30866f4324fcfa1cfb6a11.jpg
6965366,https://recipe1.ezmember.co.kr/cache/recipe/2021/09/17/abc2e82365c6b91b2485cbeb57b062e31.jpg
6965422,https://recipe1.ezmember.co.kr/cache/recipe/2021/09/18/6dc1cea2449c89dd674e64cabd1c1a381.jpg
6965509,https://recipe1.ezmember.co.kr/cache/recipe/2021/09/15/d6155dd4dba0b1c7aca784775d2b250e1.jpg
6965573,https://recipe1.ezmember.co.kr/cache/recipe/2021/09/21/039fbcf897cd476b0b8d880dfbc060e81.jpg
6965611,https://recipe1.ezmember.co.kr/cache/recipe/2021/09/22/0d4f453c5f246391487a28cd339e64da1.jpg
6965675,https://recipe1.ezmember.co.kr/cache/recipe/2021/09/24/16afa4e2e3276ed01d7d1e9d0b6e785f1.jpg
6965681,https://recipe1.ezmember.co.kr/cache/recipe/2021/09/24/5c69fb645e5c0878dee5e416e297850f1.jpg
6965755,https://recipe1.ezmember.co.kr/cache/recipe/2021/09/25/7fcd1993ac366aba7cb1b48b2724fe8d1.jpg
6965859,https://recipe1.ezmember.co.kr/cache/recipe/2021/09/30/992c3e77bbc9ed4bda4e0cd4a033ea661.jpg
6965915,https://recipe1.ezmember.co.kr/cache/recipe/2021/09/28/0f5f4018869c018d5d81e73b172622f21.jpg
6965970,https://recipe1.ezmember.co.kr/cache/recipe/2021/09/29/5c360c535a97e06e01eae3587b807ec71.jpg
6966168,https://recipe1.ezmember.co.kr/cache/recipe/2021/10/02/6762f4df1ad3fb863f8d07be4136f0131.jpg
6966196,https://recipe1.ezmember.co.kr/cache/recipe/2021/10/03/4ac166713af437eb4993c38e45d43d641.jpg
6966374,https://recipe1.ezmember.co.kr/cache/recipe/2021/10/05/68be6df2a23e933eccb49f34757259f21.jpg
6966550,https://recipe1.ezmember.co.kr/cache/recipe/2021/10/07/82965f77a488618e3bfe267650bf97a41.jpg
6966778,https://recipe1.ezmember.co.kr/cache/recipe/2021/10/10/f03793058c0bbcc088a92a0450dbfd871.jpg
6967167,https://recipe1.ezmember.co.kr/cache/recipe/2021/10/18/a367dc1e420d0c38a649340a1da755521.jpg
6967284,https://recipe1.ezmember.co.kr/cache/recipe/2021/10/20/b534f356a1f377c5f444a6edc260c01e1.jpg
6967450,https://recipe1.ezmember.co.kr/cache/recipe/2021/10/24/3d84ff328112dd7d1cec2ee169057c711.jpg
6967936,https://recipe1.ezmember.co.kr/cache/recipe/2021/11/01/db32238c8697221cc95c7a8ad995ee541.jpg
6968050,https://recipe1.ezmember.co.kr/cache/recipe/2021/11/03/d11882b4a8afd3998c9280b3fb7eb6ff1.jpg
6968069,https://recipe1.ezmember.co.kr/cache/recipe/2021/11/03/fe597ebb57b0e9a7391c3df8598820a31.jpg
6968081,https://recipe1.ezmember.co.kr/cache/recipe/2021/11/03/aad6444adaa05c0a600b450b4bb122c41.jpg
6968276,https://recipe1.ezmember.co.kr/cache/recipe/2021/11/06/51ac689dffbc31dc891e1abc40dbd68c1.jpg
6968430,https://recipe1.ezmember.co.kr/cache/recipe/2021/11/08/df99d5129f7c3bfcfab26e83265a26461.jpg
6968524,https://recipe1.ezmember.co.kr/cache/recipe/2021/11/09/22ce0d81f314129585765fd4bb04d0731.jpg
6968569,https://recipe1.ezmember.co.kr/cache/recipe/2021/11/10/7814235112ea06aff7cc3bce9c593c9f1.jpg
6968653,https://recipe1.ezmember.co.kr/cache/recipe/2021/11/11/fd24a5e8071220f101c23fadbd6b12ec1.jpg
6968695,https://recipe1.ezmember.co.kr/cache/recipe/2021/11/11/aef0b60240e96fa670ee83b366df0f801.jpg
6969022,https://recipe1.ezmember.co.kr/cache/recipe/2021/11/15/d3c5a946ff6324186cf46d2c9c181c1a1.jpg
6969045,https://recipe1.ezmember.co.kr/cache/recipe/2021/11/15/d29ff59c9426ca782e4bf686ebc07c381.jpg
6969053,https://recipe1.ezmember.co.kr/cache/recipe/2021/11/15/23cfe482b5c9667cd2881b06e79e64721.jpg
6969112,https://recipe1.ezmember.co.kr/cache/recipe/2021/11/16/044389c83af0841a7224d7bf76c458061.jpg
6969222,https://recipe1.ezmember.co.kr/cache/recipe/2021/11/18/2ba20553ed78de11d9ce98ca0c5a620d1.jpg
6969278,https://recipe1.ezmember.co.kr/cache/recipe/2021/11/18/b57cc0f7c930bb8332a3c466b11c38511.jpg
6969466,https://recipe1.ezmember.co.kr/cache/recipe/2021/11/22/7e4123a51f5accd64728581531f9d8441.jpg
6969825,https://recipe1.ezmember.co.kr/cache/recipe/2021/11/29/b6d6dbc98e76d3f1bde795d2db61ada01.jpg
6970025,https://recipe1.ezmember.co.kr/cache/recipe/2021/12/02/c2d7969becef64e0bf4eb1efde35ffe11.jpg
6970141,https://recipe1.ezmember.co.kr/cache/recipe/2021/12/03/6c890d3faa85fbd304b7851b1849ad391.jpg
6970334,https://recipe1.ezmember.co.kr/cache/recipe/2021/12/06/76fb4f66f94829ed0aabf6d8330dcf0b1.jpg
6970370,https://recipe1.ezmember.co.kr/cache/recipe/2021/12/07/b4251a7d4c7f8d1b30c8e3ac9507da081.jpg
6970421,https://recipe1.ezmember.co.kr/cache/recipe/2021/12/07/7549185f4d2defab843b000aa5d39ae31.jpg
6970469,https://recipe1.ezmember.co.kr/cache/recipe/2021/12/08/d7be55874758d24692d1eb5f17e8f9691.jpg
6970636,https://recipe1.ezmember.co.kr/cache/recipe/2021/12/10/4cd11dd7e585fc008f8f47d39d4acb261.jpg
6970854,https://recipe1.ezmember.co.kr/cache/recipe/2021/12/14/562286041840b08d140c6e2ab6b77d1c1.jpg
6970899,https://recipe1.ezmember.co.kr/cache/recipe/2021/12/15/0bce1df4456be9a46babbf8f281b67af1.jpg
6970930,https://recipe1.ezmember.co.kr/cache/recipe/2021/12/15/ee84fee2afa765ad83e5d104ea14605b1.jpg
6971499,https://recipe1.ezmember.co.kr/cache/recipe/2021/12/24/b8ffc0e26cde3f2ccaff815c8a1c4bff1.jpg
6971625,https://recipe1.ezmember.co.kr/cache/recipe/2021/12/26/6d920695afa86c12cc9fd36331b964611.jpg
6971630,https://recipe1.ezmember.co.kr/cache/recipe/2021/12/26/57744dc4a30757f8a016045cc8c5b9781.jpg
6971726,https://recipe1.ezmember.co.kr/cache/recipe/2021/12/28/cc664c6b7a48650fa9737ac4b7bb2a121.jpg
6971781,https://recipe1.ezmember.co.kr/cache/recipe/2021/12/29/5fa5ef8c9afe0d88c5c93277007602641.jpg
6972018,https://recipe1.ezmember.co.kr/cache/recipe/2022/01/03/3c0f4fa3d420fd2de33894af09d43c631.jpg
6972206,https://recipe1.ezmember.co.kr/cache/recipe/2022/01/02/9972fde43e1140cacfa4e92eb1352bd01.jpg
6972272,https://recipe1.ezmember.co.kr/cache/recipe/2022/01/07/57c668d923f1bf61de39f1b2058022ad1.jpg
6972337,https://recipe1.ezmember.co.kr/cache/recipe/2022/01/08/dcd179842b9b7bf663d50ec4006202271.jpg
6972754,https://recipe1.ezmember.co.kr/cache/recipe/2022/01/14/10ec9d641a468dbaaa3e854e59967b041.jpg
6972860,https://recipe1.ezmember.co.kr/cache/recipe/2022/01/16/603bc6e7108a19e5c480e2dbd273fb7c1.jpg
6972930,https://recipe1.ezmember.co.kr/cache/recipe/2022/01/17/981e40f5b4c53cf9190c0d2130e736261.jpg
6973095,https://recipe1.ezmember.co.kr/cache/recipe/2022/01/19/4d1a1bf907c2316a5c56a0707a67bfdb1.jpg
6973128,https://recipe1.ezmember.co.kr/cache/recipe/2022/01/20/7f1b2d4649de09aaf3172fedca5d03a11.jpg
6973137,https://recipe1.ezmember.co.kr/cache/recipe/2022/01/20/33dbe9eb9fe51ceea942135e0783b84b1.jpg
6973420,https://recipe1.ezmember.co.kr/cache/recipe/2022/01/25/23dbcef076d78ef2580ab497a224d7e91.jpg
6973551,https://recipe1.ezmember.co.kr/cache/recipe/2022/01/27/b5d188a4c52ceb18d76dbc3c9a0062b51.jpg
6973560,https://recipe1.ezmember.co.kr/cache/recipe/2022/01/27/8984619fd1ccb53e57d6e497d55f99961.jpg
6973591,https://recipe1.ezmember.co.kr/cache/recipe/2022/01/27/ae87ccf44a73a102147996e3cbf3b8c51.jpg
6973672,https://recipe1.ezmember.co.kr/cache/recipe/2022/01/28/df1b58a3a5933b77c6feb6a9158cbd1f1.jpg
6973741,https://recipe1.ezmember.co.kr/cache/recipe/2022/01/30/3f8b2681624708ea0fa6e497c192dc641.jpg
6973771,https://recipe1.ezmember.co.kr/cache/recipe/2022/01/30/158298e519e8145a9bca91d230b90b3e1.jpg
6973953,https://recipe1.ezmember.co.kr/cache/recipe/2022/02/04/444529244a58ecd32c8c627b843381f21.jpg
6974269,https://recipe1.ezmember.co.kr/cache/recipe/2022/02/10/bc169da9f9f7ad601ec431a9438df2f31.jpg
6974276,https://recipe1.ezmember.co.kr/cache/recipe/2022/02/10/84153558caf4c120846b57708afebc2d1.jpg
6974331,https://recipe1.ezmember.co.kr/cache/recipe/2022/02/11/32da8db77d77b955c35424b0148954551.jpg
6974366,https://recipe1.ezmember.co.kr/cache/recipe/2022/02/11/07b3b1a84b130d0d5b6fd4d6bad44bf61.jpg
6974473,https://recipe1.ezmember.co.kr/cache/recipe/2022/02/13/90abc7874cc0f21376ecd436e4c0ecd91.jpg
6974476,https://recipe1.ezmember.co.kr/cache/recipe/2022/02/13/4db1595c90ef3a9fa55466c80d2ea6ea1.jpg
6974758,https://recipe1.ezmember.co.kr/cache/recipe/2022/02/17/b8ba86ae51212c08636ed2c3da8e9bf71.jpg
6974862,https://recipe1.ezmember.co.kr/cache/recipe/2022/02/19/f129ab2279af212b0321e910c92f83541.jpg
6975135,https://recipe1.ezmember.co.kr/cache/recipe/2022/02/25/ac712d3658cf2e12bdb5e8c1ccdad0e81.jpg
6975681,https://recipe1.ezmember.co.kr/cache/recipe/2022/03/08/f6c3f2b12d6d21eece273b6f38d8af371.jpg
6975753,https://recipe1.ezmember.co.kr/cache/recipe/2022/03/08/e60d943a94dc8e15a4bd736a5534f8491.jpg
6975851,https://recipe1.ezmember.co.kr/cache/recipe/2022/03/11/a269490102f676def2417c97fac931c61.jpg
6975959,https://recipe1.ezmember.co.kr/cache/recipe/2022/03/13/6308725d1ba89f27f487c26794bb16521.jpg
6975970,https://recipe1.ezmember.co.kr/cache/recipe/2022/03/13/73c165ceaaa96fc816cb5c3d482d14991.jpg
6976139,https://recipe1.ezmember.co.kr/cache/recipe/2022/03/15/b405f8b1debcf3fc2da7faa41a3d00ce1.jpg
6976275,https://recipe1.ezmember.co.kr/cache/recipe/2022/03/17/d4e14e6c9731ff72b8557f718997a33f1.jpg
6976567,https://recipe1.ezmember.co.kr/cache/recipe/2022/03/22/beaba6611a53c20427defb888d0ef83b1.jpg
6976872,https://recipe1.ezmember.co.kr/cache/recipe/2022/03/27/28f907d9e3f7a1cd3339788f061bdec51.jpg
6976949,https://recipe1.ezmember.co.kr/cache/recipe/2022/12/23/4cbedc85773803be3a3992a138ce79601.jpg
6976955,https://recipe1.ezmember.co.kr/cache/recipe/2022/03/29/d598801bbd851dfd20e9aa7ae7cc62221.jpg
6976996,https://recipe1.ezmember.co.kr/cache/recipe/2022/03/29/872f45dd671c01126ab5cb402a350dd01.jpg
6977140,https://recipe1.ezmember.co.kr/cache/recipe/2022/04/02/f5d74ae1c0d1a6cc0b11dc9903636e4e1.jpg
6977372,https://recipe1.ezmember.co.kr/cache/recipe/2022/04/06/882c4178da7132f13ce1984fabcae50f1.jpg
6977386,https://recipe1.ezmember.co.kr/cache/recipe/2022/04/06/ac3e4ced4f16da93728952a814294dde1.jpg
6977470,https://recipe1.ezmember.co.kr/cache/recipe/2022/04/06/8e5657853fdcfcec77aa2c7052f8830a1.jpg
6977507,https://recipe1.ezmember.co.kr/cache/recipe/2022/04/03/d52530799e8216ec53cf630cca7eb3241.jpg
6977661,https://recipe1.ezmember.co.kr/cache/recipe/2022/04/11/2437fb3abb8669f1eaa74a95c019c7411.jpg
6977728,https://recipe1.ezmember.co.kr/cache/recipe/2022/04/12/1b54f37ef939f6961352da186c7d82671.jpg
6978123,https://recipe1.ezmember.co.kr/cache/recipe/2022/04/20/abd45a365252d94d20e0d915959346951.jpg
6978207,https://recipe1.ezmember.co.kr/cache/recipe/2022/04/17/1a2aafd166c9f954b3d7dd57855b46861.jpg
6978808,https://recipe1.ezmember.co.kr/cache/recipe/2022/05/05/7eed9b3b5908931341fb630e5f3b221b1.jpg
6978896,https://recipe1.ezmember.co.kr/cache/recipe/2022/05/06/6282c9839301633a09045dba36462aa61.jpg
6979076,https://recipe1.ezmember.co.kr/cache/recipe/2022/05/10/ff7e378e18000518a6af1065c55557521.jpg
6979077,https://recipe1.ezmember.co.kr/cache/recipe/2022/05/10/23110cf5d58115d795b618904b3559461.jpg
6979311,https://recipe1.ezmember.co.kr/cache/recipe/2022/05/02/41abfa929a0de9a04e6442fb4a2d4fdb1.jpg
6979834,https://recipe1.ezmember.co.kr/cache/recipe/2022/05/23/76aae2868948b3d49b39fb01d5e808ce1.jpg
6979841,https://recipe1.ezmember.co.kr/cache/recipe/2022/05/23/662d04f72bc21c471476141f0278aaef1.jpg
6980109,https://recipe1.ezmember.co.kr/cache/recipe/2022/05/27/2b270ff1f2fd22b30d88d918d8f207321.jpg
6980359,https://recipe1.ezmember.co.kr/cache/recipe/2022/06/01/8b603abdbde577edfd584f3416825ec31.jpg
6980427,https://recipe1.ezmember.co.kr/cache/recipe/2022/06/02/b3b76480b49ca20c3892cfd9ceab7ebc1.jpg
6980460,https://recipe1.ezmember.co.kr/cache/recipe/2022/06/02/e52e34c53ae870d08f51c1d3e35d69221.jpg
6980465,https://recipe1.ezmember.co.kr/cache/recipe/2022/06/02/67352ea49c4e3ed5347cd2d6f53493aa1.jpg
6980665,https://recipe1.ezmember.co.kr/cache/recipe/2022/06/06/c58587d4d3dca310ad1ca97ba4b9fb1e1.jpg
6980726,https://recipe1.ezmember.co.kr/cache/recipe/2022/06/07/855c48f22a4677ae7e47a6dc49315d3b1.jpg
6980810,https://recipe1.ezmember.co.kr/cache/recipe/2022/06/08/7ecb732f904bad23d52429f11e47264a1.jpg
6981204,https://recipe1.ezmember.co.kr/cache/recipe/2022/06/13/86392e0c6dd3bf55a1cdc75ce31ab8ff1.jpg
6981337,https://recipe1.ezmember.co.kr/cache/recipe/2022/06/14/a99fb715ed16eb35f17001560471d1d11.jpg
6981660,https://recipe1.ezmember.co.kr/cache/recipe/2022/06/18/3f66d57fb6121f5693d95b4bf7a3d6621.jpg
6981676,https://recipe1.ezmember.co.kr/cache/recipe/2022/06/18/e31c7c16d7c430f51ff4757213b22e861.jpg
6981725,https://recipe1.ezmember.co.kr/cache/recipe/2022/06/19/823fb6caead0569635d2d186bb787c681.jpg
6981848,https://recipe1.ezmember.co.kr/cache/recipe/2022/06/21/112834b5c1d1d3737cb37b05847d46501.jpg
6981860,https://recipe1.ezmember.co.kr/cache/recipe/2022/06/21/a512952cdba4cf264f80ef5b05896aab1.jpg
6982319,https://recipe1.ezmember.co.kr/cache/recipe/2022/06/27/c913b19ee784fb9d29eeeea33ee88a191.jpg
6982450,https://recipe1.ezmember.co.kr/cache/recipe/2022/06/29/8125d31233385941f63df2ce3508a95d1.jpg
6982610,https://recipe1.ezmember.co.kr/cache/recipe/2022/06/21/594c5e8943ed72f745eeaedc3f27abd41.jpg
6982679,https://recipe1.ezmember.co.kr/cache/recipe/2022/07/03/e286c09ae7a51383de382fab23dd64ba1.jpg
6982797,https://recipe1.ezmember.co.kr/cache/recipe/2022/07/05/f349f660d81fae15cf96728429a4f4d61.jpg
6982975,https://recipe1.ezmember.co.kr/cache/recipe/2022/07/07/c683324e584ebdbfe484b0cc81965e981.jpg
6983152,https://recipe1.ezmember.co.kr/cache/recipe/2022/07/09/8ad1275f674d667fbe491f0f6b8bf9331.jpg
6983282,https://recipe1.ezmember.co.kr/cache/recipe/2022/07/11/dbb9d6bac0ef71166ed32a4dcec1f2041.jpg
6983384,https://recipe1.ezmember.co.kr/cache/recipe/2022/07/12/d4504526ce0bb1656e640c155cc5ffbc1.jpg
6983454,https://recipe1.ezmember.co.kr/cache/recipe/2022/07/13/b465f81432755fb8c32809586505b4801.jpg
6983594,https://recipe1.ezmember.co.kr/cache/recipe/2022/07/15/fa1707e58eae206036a8cf084d5c50301.jpg
6983795,https://recipe1.ezmember.co.kr/cache/recipe/2022/07/18/f793bc5d9cdba831b5fcba122c3568f21.jpg
6983863,https://recipe1.ezmember.co.kr/cache/recipe/2022/07/19/2d4f0447f1f80209ca88d200e6ba3ca71.jpg
6983877,https://recipe1.ezmember.co.kr/cache/recipe/2022/07/20/7af785d5ab6f02518147c223a34e04cb1.jpg
6984228,https://recipe1.ezmember.co.kr/cache/recipe/2022/07/26/bbe36239f219a1353a16a9d54a0012261.jpg
6984344,https://recipe1.ezmember.co.kr/cache/recipe/2022/07/28/c00f68a11b423778bffdac3199a9945c1.jpg
6984358,https://recipe1.ezmember.co.kr/cache/recipe/2022/07/28/1a7a00f8e374aed9dcea5451782ac5661.jpg
6984407,https://recipe1.ezmember.co.kr/cache/recipe/2022/07/28/b46ace6b457abd3d9a7ea38b4b7dd5491.jpg
6984524,https://recipe1.ezmember.co.kr/cache/recipe/2022/07/31/97bd3bbfa3fc784b6a6a4d890db557ec1.jpg
6984837,https://recipe1.ezmember.co.kr/cache/recipe/2022/08/04/0f1a2e4042ae4243ba4cd26ba93f26411.jpg
6985099,https://recipe1.ezmember.co.kr/cache/recipe/2022/08/08/291f9d9c9c28b78d797a3402ef1b557b1.jpg
6985132,https://recipe1.ezmember.co.kr/cache/recipe/2022/08/08/694e1b073524b201a7d7c8353d8dff401.jpg
6985191,https://recipe1.ezmember.co.kr/cache/recipe/2022/08/09/b63ee44f3c3a7d2a2d09adc0ef7d46ca1.jpg
6985247,https://recipe1.ezmember.co.kr/cache/recipe/2022/08/10/6718cd4e795975f42013d3b0e19f7bc21.jpg
6985430,https://recipe1.ezmember.co.kr/cache/recipe/2022/08/12/d02c8b1e405826630284dcedbd0a63e31.jpg
6985460,https://recipe1.ezmember.co.kr/cache/recipe/2022/08/12/89cd228073114c808038f320157bf77c1.jpg
6985568,https://recipe1.ezmember.co.kr/cache/recipe/2022/08/13/3acc8b04a6a3abb55f0f1e24c1ed13361.jpg
6985702,https://recipe1.ezmember.co.kr/cache/recipe/2022/08/15/e7881ffc91215a685578d34203f4fa2e1.jpg
6985762,https://recipe1.ezmember.co.kr/cache/recipe/2022/08/16/642d9197ed123cfc5041b4520daa46f81.jpg
6985837,https://recipe1.ezmember.co.kr/cache/recipe/2022/08/17/c9223f1b414d3ee9f33560c0af82e4211.jpg
6985870,https://recipe1.ezmember.co.kr/cache/recipe/2022/08/18/046fe1376db51f5698b6170aa7410afd1.jpg
6985960,https://recipe1.ezmember.co.kr/cache/recipe/2022/08/19/a3603e1082a2dfe49994a3a0274aeba41.jpg
6986156,https://recipe1.ezmember.co.kr/cache/recipe/2022/08/23/f95810a7cd896c8cd803838b3ac179651.jpg
6986271,https://recipe1.ezmember.co.kr/cache/recipe/2022/08/25/6d41b700af4ee0c9d0edc1551e30c70d1.jpg
6986309,https://recipe1.ezmember.co.kr/cache/recipe/2022/08/25/74dc26c46d25f79e8f0a4b1b05c752ef1.jpg
6986343,https://recipe1.ezmember.co.kr/cache/recipe/2022/08/26/7d3ff200e2fec2ce421991cb3b3732591.jpg
6986387,https://recipe1.ezmember.co.kr/cache/recipe/2022/08/27/2a1ebd29206f3ec5826ef3e4495825d11.jpg
6986509,https://recipe1.ezmember.co.kr/cache/recipe/2022/08/30/8da8d8625ac720865fcbcf8e973af31f1.jpg
6986665,https://recipe1.ezmember.co.kr/cache/recipe/2022/09/01/93405750c7fd94a383eb3fdb6331ab431.jpg
6986720,https://recipe1.ezmember.co.kr/cache/recipe/2022/09/02/baa23178958ba3dd663ca8a0de3086ac1.jpg
6986721,https://recipe1.ezmember.co.kr/cache/recipe/2022/09/02/c97377c603b7c740e300752db9bebea31.jpg
6986752,https://recipe1.ezmember.co.kr/cache/recipe/2022/08/20/f9e5fae45a8571785085a1feebb927481.jpg
6986983,https://recipe1.ezmember.co.kr/cache/recipe/2022/09/06/b2cd63ca81f744f44ba350bb262822291.jpg
6987043,https://recipe1.ezmember.co.kr/cache/recipe/2022/09/06/76505a9bd42061862e692383f5e420811.jpg
6987078,https://recipe1.ezmember.co.kr/cache/recipe/2022/09/07/42c0b84fcf1615f34f67f8138999cf551.jpg
6987079,https://recipe1.ezmember.co.kr/cache/recipe/2022/09/07/7ebc0bd472708baef204b4ea532ab1221.jpg
6987102,https://recipe1.ezmember.co.kr/cache/recipe/2022/09/07/819af51e6c5e00254e38a57595c510ad1.jpg
6987147,https://recipe1.ezmember.co.kr/cache/recipe/2022/09/08/798d99ad217170c79c5fcda91f2b17661.jpg
6987206,https://recipe1.ezmember.co.kr/cache/recipe/2022/09/09/912539e5792e06c447b72df6ec28422c1.jpg
6987211,https://recipe1.ezmember.co.kr/cache/recipe/2022/09/10/79987d8b18dd0d31509f0982edd74c4e1.png
6987255,https://recipe1.ezmember.co.kr/cache/recipe/2022/09/08/9437f07c425bbf02a11bd08fbca92f601.jpg
6987509,https://recipe1.ezmember.co.kr/cache/recipe/2022/09/10/a6837a80e5f20736ece001b0c3e442071.jpg
6987526,https://recipe1.ezmember.co.kr/cache/recipe/2022/09/16/a9e8e73e7877ab61b64990689f1587411.jpg
6987636,https://recipe1.ezmember.co.kr/cache/recipe/2022/09/18/3932d6a58dc22157e57855c6a1cd81441.jpg
6987741,https://recipe1.ezmember.co.kr/cache/recipe/2022/09/20/403733ea3ba33b0dee2bc9b117f6b60a1.jpg
6988035,https://recipe1.ezmember.co.kr/cache/recipe/2022/09/24/c83e059125fb5385d1ccf4355f0272941.jpg
6988051,https://recipe1.ezmember.co.kr/cache/recipe/2022/09/25/6e281fd673ce351e6ba50460fa5d962f1.jpg
6988176,https://recipe1.ezmember.co.kr/cache/recipe/2022/09/27/d49da149fda955904279f1a820690a9c1.jpg
6988211,https://recipe1.ezmember.co.kr/cache/recipe/2022/09/27/621fcf63de00cfac526fd085a3dd0b4c1.jpg
6988269,https://recipe1.ezmember.co.kr/cache/recipe/2022/09/28/98f20eed1d96dc27962de50d478203ef1.jpg
6988327,https://recipe1.ezmember.co.kr/cache/recipe/2022/09/29/428f9f2b8c23b64b190259bd6158a9b31.jpg
6988557,https://recipe1.ezmember.co.kr/cache/recipe/2022/10/03/5e2bee2e648035be95f57567c188ac551.jpg
6988583,https://recipe1.ezmember.co.kr/cache/recipe/2022/10/04/2276af249237971eacc5ccc611649f091.jpg
6988660,https://recipe1.ezmember.co.kr/cache/recipe/2022/10/04/49f2aeba6bd40b5a64bea13f9dea68be1.jpg
6988664,https://recipe1.ezmember.co.kr/cache/recipe/2022/10/05/591fa3062ed4b336f4429206c77bb60a1.jpg
6988700,https://recipe1.ezmember.co.kr/cache/recipe/2022/10/05/4b6e54251622dcc37d5644b91fbf93a81.jpg
6988777,https://recipe1.ezmember.co.kr/cache/recipe/2022/10/06/eef85b694358602119ebda7206df7ab31.jpg
6988837,https://recipe1.ezmember.co.kr/cache/recipe/2022/10/06/fdbb6c39556a3b974871ee42408f577f1.jpg
6989105,https://recipe1.ezmember.co.kr/cache/recipe/2022/10/11/855d910fc98d9cf086d4d3d37e88457f1.jpg
6989368,https://recipe1.ezmember.co.kr/cache/recipe/2022/10/13/aaf66d2613c877f98e08d35c3109ddcb1.jpg
6989439,https://recipe1.ezmember.co.kr/cache/recipe/2022/10/13/f1d27f9fa9afbdbfcb20535646a565e11.jpg
6989466,
6989467,https://recipe1.ezmember.co.kr/cache/recipe/2022/10/13/6bd3b3de9a451ac20036c608d40afee91.jpg
6989555,https://recipe1.ezmember.co.kr/cache/recipe/2022/10/14/6e0bc41401753ad3e8b2fef5565bfc3a1.jpg
6989786,https://recipe1.ezmember.co.kr/cache/recipe/2022/10/18/a8ab1de11bcc37740f969b762459ef311.jpg
6989798,https://recipe1.ezmember.co.kr/cache/recipe/2022/10/18/9290f8302ecae329e4e27ebc17090b2d1.jpg
6990090,https://recipe1.ezmember.co.kr/cache/recipe/2022/10/20/a3d10992fec386d64fafb651071b89021.jpg
6990671,https://recipe1.ezmember.co.kr/cache/recipe/2022/10/31/ad62a36ae9293d13cc1637ac859dd5b01.jpg
6990787,https://recipe1.ezmember.co.kr/cache/recipe/2022/10/31/2002c4ff58d87269a6f2781817b92a051.jpg
6990815,https://recipe1.ezmember.co.kr/cache/recipe/2022/11/01/6d2360854de87c854f061d49c4a790f51.jpg
6990906,https://recipe1.ezmember.co.kr/cache/recipe/2022/11/01/5a70454c30ea63a4d67b522b6beac8771.jpg
6991255,https://recipe1.ezmember.co.kr/cache/recipe/2022/11/07/9d3b7436b0efad5a1bd1d5bf802996371.jpg
6992259,https://recipe1.ezmember.co.kr/cache/recipe/2022/11/19/b6e4179ee9899670ca976232d2744bae1.jpg
6992909,https://recipe1.ezmember.co.kr/cache/recipe/2022/11/29/ea313b918822ea3de74238e7239ab47b1.jpg
6992910,https://recipe1.ezmember.co.kr/cache/recipe/2022/11/29/00ea7e8d4b4c192682c147e371dc2da31.jpg
6992940,https://recipe1.ezmember.co.kr/cache/recipe/2022/11/29/99b9fc9eaa83e61e87c86a42cf37c7291.jpg
6992967,https://recipe1.ezmember.co.kr/cache/recipe/2022/11/30/9df386bc477577b24293e34941dd73241.jpg
6993010,https://recipe1.ezmember.co.kr/cache/recipe/2022/12/01/eb379481bbe0297cb60a5991d100ec651.jpg
6993074,https://recipe1.ezmember.co.kr/cache/recipe/2022/12/02/9277f9807293e6d3cd023e85da4ddae71.jpg
6993091,https://recipe1.ezmember.co.kr/cache/recipe/2022/12/02/c21abfe539c9ead506ae7c508f1bc2fd1.jpg
6993227,https://recipe1.ezmember.co.kr/cache/recipe/2022/12/05/552c71c6e0db56352df9d20a8803d8351.jpg
6993320,https://recipe1.ezmember.co.kr/cache/recipe/2022/12/06/8834a59c494731428bb3e4821dfe42e11.jpg
6993438,https://recipe1.ezmember.co.kr/cache/recipe/2022/12/08/3fa820bd56108c56015d725efeac6d221.jpg
6993519,https://recipe1.ezmember.co.kr/cache/recipe/2022/12/09/ab715ab5f10753b93579381c6b5fdc5e1.jpg
6993609,https://recipe1.ezmember.co.kr/cache/recipe/2022/12/11/78091f5da4f8556976e49cf8791010ba1.jpg
6993612,https://recipe1.ezmember.co.kr/cache/recipe/2022/12/11/4b2c829f7b82086cf42f851d961188801.jpg
6993704,https://recipe1.ezmember.co.kr/cache/recipe/2022/12/13/627180a1198fad627226ade27d1658de1.jpg
6993815,https://recipe1.ezmember.co.kr/cache/recipe/2022/12/15/bc0e25326ab5f29c075fd4fe1472d61b1.jpg
6994018,https://recipe1.ezmember.co.kr/cache/recipe/2022/12/19/be1f9c77f032c731ad3b684fad7a80321.jpg
6994522,https://recipe1.ezmember.co.kr/cache/recipe/2022/12/29/95a2617c80288836b8d711452253c1581.jpg
6994789,https://recipe1.ezmember.co.kr/cache/recipe/2023/01/04/e6c4a68bfa5145b40f7d769a1b94ac8c1.jpg
6994864,https://recipe1.ezmember.co.kr/cache/recipe/2023/01/05/ea62d0e337681a7f28d7938c82c555401.jpg
6995172,https://recipe1.ezmember.co.kr/cache/recipe/2023/01/09/323daace7d6e9404958acf131a270cc91.jpg
6995211,https://recipe1.ezmember.co.kr/cache/recipe/2023/01/10/7027b4fdfeb2429437abf0b6ffe458e51.jpg
6995258,https://recipe1.ezmember.co.kr/cache/recipe/2023/01/01/91fd4ed9d2837498a83a3802f280dbe91.jpg
6995291,https://recipe1.ezmember.co.kr/cache/recipe/2023/01/11/243376783297c4f8387b627d7246d2281.jpg
6995356,https://recipe1.ezmember.co.kr/cache/recipe/2023/01/12/458b6b09e4739cd97a641ee5fafdcba01.jpg
6995361,https://recipe1.ezmember.co.kr/cache/recipe/2023/01/12/cfa8a8cec66cea7b00fee9a31ba057171.jpg
6995370,https://recipe1.ezmember.co.kr/cache/recipe/2023/01/13/eb4f9aa86aaf1d79de11cbf6139161261.jpg
6995489,https://recipe1.ezmember.co.kr/cache/recipe/2023/01/15/3df1e8d81f6cfa3825e8a7035152a0f41.jpg
6995638,https://recipe1.ezmember.co.kr/cache/recipe/2023/01/18/0a1cc7c4bfc870e38038493f80cca7f91.jpg
6995691,https://recipe1.ezmember.co.kr/cache/recipe/2023/01/19/250114455dc2be9d7af34502fa8620471.jpg
6995740,https://recipe1.ezmember.co.kr/cache/recipe/2023/01/19/07cea341a8b86fd617bb8c2a1c85d9431.jpg
6995746,https://recipe1.ezmember.co.kr/cache/recipe/2023/01/20/13bfaa103bab2b02d5b9443a919056be1.jpg
6995771,https://recipe1.ezmember.co.kr/cache/recipe/2023/01/05/abea5c799b46be8c91d97947850e98531.jpg
6995772,https://recipe1.ezmember.co.kr/cache/recipe/2023/01/20/97b254978da881883c0655a94b9341f61.jpg
6995774,https://recipe1.ezmember.co.kr/cache/recipe/2023/01/20/7e134c75006124d2e623e4ff7d4782f11.jpg
6995804,https://recipe1.ezmember.co.kr/cache/recipe/2022/06/29/177ec24e28da930b153d233d8b0df7a81.jpg
6996005,https://recipe1.ezmember.co.kr/cache/recipe/2023/01/26/a4b71547b58c8329d6bb1a7b8686c3871.jpg
6996184,https://recipe1.ezmember.co.kr/cache/recipe/2023/01/31/2cda05c02f790ed82ba242c324ad46d21.jpg
6996205,https://recipe1.ezmember.co.kr/cache/recipe/2023/01/31/c546d2bf0722706d924174130943c8a61.jpg
6996226,https://recipe1.ezmember.co.kr/cache/recipe/2022/12/26/61ce86e2b7de54ed5af52988868613e01.jpg
6996422,https://recipe1.ezmember.co.kr/cache/recipe/2023/02/04/5faa175f68755132733f40f9e8941a8b1.jpg
6996771,https://recipe1.ezmember.co.kr/cache/recipe/2023/02/08/861ad578480cc8212bf6561450c42eeb1.jpg
6996785,https://recipe1.ezmember.co.kr/cache/recipe/2023/02/10/231b5c9847f7456486722f58fb76cde11.jpg
6997039,https://recipe1.ezmember.co.kr/cache/recipe/2023/03/23/c93e6629ee08f55d63f49678b7366fd91.jpg
6997214,https://recipe1.ezmember.co.kr/cache/recipe/2023/02/17/dfccec8330eff4f9293e8a791c0fecd31.jpg
6997394,https://recipe1.ezmember.co.kr/cache/recipe/2023/02/21/d70219ee7a4ed98f2372a440760ac42c1.jpg
6997603,https://recipe1.ezmember.co.kr/cache/recipe/2023/02/23/4b87a72f4f2896accf93836e13929fda1.jpg
6997757,https://recipe1.ezmember.co.kr/cache/recipe/2023/02/27/e677dccc99ef263d0b2b74fcd9acceec1.jpg
6998056,https://recipe1.ezmember.co.kr/cache/recipe/2023/03/04/e10ac8f919e2cb6de6ff17bd7252e57a1.jpg
6998065,https://recipe1.ezmember.co.kr/cache/recipe/2023/03/04/2aa21e3556fa5efe3c95012356136f731.jpg
6998326,https://recipe1.ezmember.co.kr/cache/recipe/2023/03/07/fc4df6a2f53f4a589f4047aa55f48bba1.jpg
6998338,https://recipe1.ezmember.co.kr/cache/recipe/2023/03/07/7bcb3f05af5c7ae64ed0d5048d023c261.jpg
6998535,https://recipe1.ezmember.co.kr/cache/recipe/2023/03/09/6b2aa0c1ddace3c5621603cff34dbad51.jpg
6998599,https://recipe1.ezmember.co.kr/cache/recipe/2023/03/10/569bc091b0a0ddb1d74db67a58720d1a1.jpg
6998632,https://recipe1.ezmember.co.kr/cache/recipe/2023/03/10/eca1a8b9f8475ab3270f594efa5fa0361.jpg
6998838,https://recipe1.ezmember.co.kr/cache/recipe/2023/03/14/ee707764dd1a50ee0f32367d12d4e4911.jpg
6998908,https://recipe1.ezmember.co.kr/cache/recipe/2023/03/14/46f03261f49107ed2c8fe86aa0d1d6731.jpg
6999046,https://recipe1.ezmember.co.kr/cache/recipe/2023/03/16/ce7847997012ac9ee371c872c37448ea1.jpg
6999118,https://recipe1.ezmember.co.kr/cache/recipe/2023/03/17/276d4cbaa4c9fbf1b61fce851a363c9c1.jpg
6999191,https://recipe1.ezmember.co.kr/cache/recipe/2023/03/18/1f575850888ed65e45e2c2160bc010ba1.jpg
6999587,https://recipe1.ezmember.co.kr/cache/recipe/2023/03/26/51fc47a7f3199f64287c44c5aba5b8731.jpg
6999750,https://recipe1.ezmember.co.kr/cache/recipe/2023/03/29/4fad3d641399d5e3ccc3a295b24f6dcd1.jpg
6999873,https://recipe1.ezmember.co.kr/cache/recipe/2023/04/01/465e2df62455084ed571802ffd0c3a801.jpg
7000005,https://recipe1.ezmember.co.kr/cache/recipe/2023/03/27/0f6c38086269251d36310ec1060bfa7b1.jpg
7000156,https://recipe1.ezmember.co.kr/cache/recipe/2023/04/04/3de3f74fb052dfce2ad1f6b7a954370e1.jpg
7000196,https://recipe1.ezmember.co.kr/cache/recipe/2023/04/06/c79e54972b8b805fedcdbfead78a25931.jpg
7000471,https://recipe1.ezmember.co.kr/cache/recipe/2023/04/11/df4fe5b6f76cfab096e5915133deae921.jpg
7000943,https://recipe1.ezmember.co.kr/cache/recipe/2023/04/17/0c0e1bbca5e02a9869a1501cbcb205cd1.jpg
7001099,https://recipe1.ezmember.co.kr/cache/recipe/2023/04/23/0f6345ad1c9fcfb32c88a764101957341.jpg
7001131,https://recipe1.ezmember.co.kr/cache/recipe/2023/04/24/daea2259762f0859db0e051d4a4fa8ba1.jpg
7001153,https://recipe1.ezmember.co.kr/cache/recipe/2023/04/24/ed758e604e7f1bfeebc77610507b23de1.jpg
7001704,https://recipe1.ezmember.co.kr/cache/recipe/2023/05/05/e3d53957e22052549b275fbd9173b9e81.jpg
7002103,https://recipe1.ezmember.co.kr/cache/recipe/2023/05/12/3097b8ac0f54db42959d6a45993561a61.jpg
7002212,https://recipe1.ezmember.co.kr/cache/recipe/2023/05/15/7e5d46e4eacca0debe3ecd75d8e4d1151.jpg
7002237,https://recipe1.ezmember.co.kr/cache/recipe/2023/05/07/81bcf27b240634aeef35009b411d2c971.jpg
7002612,https://recipe1.ezmember.co.kr/cache/recipe/2023/05/21/7c1452e458bf43d6d0c96c2df016ac661.jpg
7002789,https://recipe1.ezmember.co.kr/cache/recipe/2023/05/24/2587e8e5cfeabd4ae240c78c584739531.jpg
7002868,https://recipe1.ezmember.co.kr/cache/recipe/2023/05/25/f569f2def5aefcc5e823d1422397ac791.jpg
7002909,https://recipe1.ezmember.co.kr/cache/recipe/2023/05/26/000d142b5c5861321e855066a418a20c1.png
7002923,https://recipe1.ezmember.co.kr/cache/recipe/2023/05/26/a12c4f05891c2a36dd521893863504bc1.jpg
7003027,https://recipe1.ezmember.co.kr/cache/recipe/2023/05/23/9bd46dc9471b8070f534426c92d2c0671.jpg
7003118,https://recipe1.ezmember.co.kr/cache/recipe/2023/05/31/7be72117feb10894b63c0c7d0ebe544e1.jpg
7003183,https://recipe1.ezmember.co.kr/cache/recipe/2023/06/01/78cc5c184e781be65cc2ae75fdf5e7d71.jpg
7003225,https://recipe1.ezmember.co.kr/cache/recipe/2023/06/01/94e737342733bc618000da74382cd5291.jpg
7003359,https://recipe1.ezmember.co.kr/cache/recipe/2023/06/03/32be3bc252282dc33947cc655208ab641.jpg
7003491,https://recipe1.ezmember.co.kr/cache/recipe/2023/06/05/94e6272e592433427e658772a0cd10481.jpg
7003696,https://recipe1.ezmember.co.kr/cache/recipe/2023/06/08/be17fea538a0649bad75b9ea4b1d91781.jpg
7003749,https://recipe1.ezmember.co.kr/cache/recipe/2023/06/09/00738333e9c4801da17a33b5ca7d2fd11.jpg
7004031,https://recipe1.ezmember.co.kr/cache/recipe/2023/06/14/3684877a95809f89ce7e563a4b04e5de1.jpg
7004088,https://recipe1.ezmember.co.kr/cache/recipe/2023/06/15/18b4441e5d721d5cf8cf86c1085b65e91.jpg
7004222,https://recipe1.ezmember.co.kr/cache/recipe/2023/06/16/5eb0d43352b5a310183439dc9f9b5a311.jpg
7004286,https://recipe1.ezmember.co.kr/cache/recipe/2023/06/18/3bac463b7fe72044ec24940aaca46d981.jpg
7004427,https://recipe1.ezmember.co.kr/cache/recipe/2023/06/20/1b6735450cc02b5fa4568a1684e37f6c1.jpg
7005012,https://recipe1.ezmember.co.kr/cache/recipe/2023/06/30/a4e169889059fad715d39dc7136bdf371.jpg
7005119,https://recipe1.ezmember.co.kr/cache/recipe/2023/06/30/329538835a8f0eac80bb9b58acc14ac71.jpg
7005128,https://recipe1.ezmember.co.kr/cache/recipe/2023/07/02/539f3f8bc04b371d9398df27bc91f0b71.jpg
7005146,https://recipe1.ezmember.co.kr/cache/recipe/2023/07/02/8ca8ac83d756b8f1b84688cc10f1472d1.jpg
7005184,https://recipe1.ezmember.co.kr/cache/recipe/2023/07/03/23efbf1ddf3eb49e1f0d9c1969883d6c1.jpg
7005219,https://recipe1.ezmember.co.kr/cache/recipe/2023/07/03/842d75ae1908c50c79010245eb4afd8a1.jpg
7005243,https://recipe1.ezmember.co.kr/cache/recipe/2023/06/29/43bf2e7278bcb2af9703bc0968e6ed071.jpg
7005648,https://recipe1.ezmember.co.kr/cache/recipe/2023/07/08/02f97485fe8f4f7a04ccfc42c55da6841.jpg
7005763,https://recipe1.ezmember.co.kr/cache/recipe/2023/07/10/fb9ec15c5553b89a77bb75927f55d50c1.jpg
7005804,https://recipe1.ezmember.co.kr/cache/recipe/2023/07/09/020cfa5cdb2e99b5bedc95f236c54baa1.jpg
7006412,https://recipe1.ezmember.co.kr/cache/recipe/2023/07/19/11c332e8b85daf983b11550a7509c7261.jpg
7006456,https://recipe1.ezmember.co.kr/cache/recipe/2023/07/18/c2cd9f388a8c9430f61cfa2386b516471.jpg
7006465,https://recipe1.ezmember.co.kr/cache/recipe/2023/07/19/b4e8ca230e74d40ecdc8d4ac1b279a161.jpg
7006619,https://recipe1.ezmember.co.kr/cache/recipe/2023/07/22/b89d984b4cf5f959dc50394dea2926531.jpg
7006706,https://recipe1.ezmember.co.kr/cache/recipe/2023/07/24/d9ed6b1c847a74f7dc601cc7d16d1cb81.jpg
7006842,https://recipe1.ezmember.co.kr/cache/recipe/2023/07/26/c1366bbc76e9b3025a27ea933a79e6041.jpg
7006958,https://recipe1.ezmember.co.kr/cache/recipe/2023/07/29/13c33b4b9b6e1aff6db0980d9d8fb9d51.jpg
7007136,https://recipe1.ezmember.co.kr/cache/recipe/2023/08/02/9adf6db15111ede80bb755dff9e52a261.jpg
7007702,https://recipe1.ezmember.co.kr/cache/recipe/2023/08/09/1c8a134bc3e0e95ebf292f2d61c1ccb01.jpg
7007928,https://recipe1.ezmember.co.kr/cache/recipe/2023/08/18/6e211be6033bf473927b453036ced7361.jpg
7007932,https://recipe1.ezmember.co.kr/cache/recipe/2023/08/12/4b0f7ab61bf2b03a671fbd95c1d282131.jpg
7007997,https://recipe1.ezmember.co.kr/cache/recipe/2023/08/13/5a306c4a82a5e31333987d4ba535b4931.jpg
7007998,https://recipe1.ezmember.co.kr/cache/recipe/2023/08/13/f712beabea8ddccfc5941c51adbfd3ce1.jpg
7008048,https://recipe1.ezmember.co.kr/cache/recipe/2023/08/14/f7fac76e4bd53145615ccd63f440afc51.jpg
7008070,https://recipe1.ezmember.co.kr/cache/recipe/2023/08/14/a1a7ebe30d177abc20ad123ee08a9ad21.jpg
7008202,https://recipe1.ezmember.co.kr/cache/recipe/2023/08/16/445238193950a73fc32973250509504e1.jpg
7008348,https://recipe1.ezmember.co.kr/cache/recipe/2023/08/18/9ca0f058665fd951cc2bfaea05152d891.jpg
7008525,https://recipe1.ezmember.co.kr/cache/recipe/2023/08/22/5f0ea5f51eb7771871f5a6736998cf7e1.jpg
7008598,https://recipe1.ezmember.co.kr/cache/recipe/2023/08/23/fb59c4d28488ba45a43a30277c9cb31d1.jpg
7008788,https://recipe1.ezmember.co.kr/cache/recipe/2023/08/26/986647455fb7f560e3d357e449fc06ee1.jpg
7009188,https://recipe1.ezmember.co.kr/cache/recipe/2023/09/03/a55dd18b54357f123b4e21d6d0afde1d1.jpg
7009212,https://recipe1.ezmember.co.kr/cache/recipe/2023/09/03/d5a19b508aeeceab563bad1c9989f5341.jpg
7009279,https://recipe1.ezmember.co.kr/cache/recipe/2023/09/04/e963c26ae2daec7a50e4063fae9ea1aa1.jpg
7009330,https://recipe1.ezmember.co.kr/cache/recipe/2023/09/05/cebb657a9a2f72fa40a98a328abd0f661.jpg
7009350,https://recipe1.ezmember.co.kr/cache/recipe/2023/09/05/f876c0f52f5816d2adcb8a0aecacc87e1.jpg
7009428,https://recipe1.ezmember.co.kr/cache/recipe/2023/09/06/123235e6a9f31f5afbe9266de026e6f91.jpg
7009439,https://recipe1.ezmember.co.kr/cache/recipe/2023/09/06/9454b61d3d98e9c21bd93e53a2dedece1.jpg
7009492,https://recipe1.ezmember.co.kr/cache/recipe/2023/09/07/ea7e23ff5ff8dfb1c798574dbd998c9c1.jpg
7009590,https://recipe1.ezmember.co.kr/cache/recipe/2023/09/09/3bcd2dfdd87b6f891558faf4739d11f41.jpg
7009601,https://recipe1.ezmember.co.kr/cache/recipe/2023/09/09/2e8c336cdaf690db2cdaadf237a111da1.jpg
7009748,https://recipe1.ezmember.co.kr/cache/recipe/2023/09/12/51309441b236035632502c47c51feafb1.jpg
7009752,https://recipe1.ezmember.co.kr/cache/recipe/2023/09/12/3e05fbf0af9413becced43074ba9a1501.jpg
7009845,https://recipe1.ezmember.co.kr/cache/recipe/2023/09/13/d74aaab5b2be1388c6f0d7fada938ec71.jpg
7009870,https://recipe1.ezmember.co.kr/cache/recipe/2023/09/14/348b57e85ec3c64913a8afd7ff0be1d61.jpg
7009989,https://recipe1.ezmember.co.kr/cache/recipe/2023/09/16/7dbb36575d7f1d26346f794f3af0d2de1.jpg
7010187,https://recipe1.ezmember.co.kr/cache/recipe/2023/09/19/5f316b0b8bc94f1a31dbcd8a75d1228e1.jpg
7010283,https://recipe1.ezmember.co.kr/cache/recipe/2023/09/21/5a19c8ceef350580c7e4c483118e19881.jpg
7010363,https://recipe1.ezmember.co.kr/cache/recipe/2023/09/23/b3d9f88e547a9b556a0976bcf4c763881.jpg
7010418,https://recipe1.ezmember.co.kr/cache/recipe/2023/09/24/cf826e1953dc4f0db830c73222377eb01.jpg
7010431,https://recipe1.ezmember.co.kr/cache/recipe/2023/09/25/48e7613d2328ba5da2ec76ae4d7e2a3b1.jpg
7010488,https://recipe1.ezmember.co.kr/cache/recipe/2023/09/26/0b15dcac76a166f353fbf8d0b65a60a31.jpg
7010519,https://recipe1.ezmember.co.kr/cache/recipe/2023/09/26/65557276b46899dccfc7239d9b77fd611.jpg
7010544,https://recipe1.ezmember.co.kr/cache/recipe/2023/09/26/c3af5390f544249699daa02d0b296b4e1.jpg
7010558,https://recipe1.ezmember.co.kr/cache/recipe/2023/09/27/24d330c1ff08ea5d744d4f4dac75df981.jpg
7010606,https://recipe1.ezmember.co.kr/cache/recipe/2023/04/03/826d0fdf227c683c50989f76a0bfda351.jpg
7010631,https://recipe1.ezmember.co.kr/cache/recipe/2023/09/28/508b7b33d78930782020c04e793a1b251.jpg
7010692,https://recipe1.ezmember.co.kr/cache/recipe/2023/09/29/0b8db374479b2f6875af9739484dc0231.jpg
7010717,https://recipe1.ezmember.co.kr/cache/recipe/2023/09/30/66cb76ba3e75136f8fd3aaae82c220f81.jpg
7010999,https://recipe1.ezmember.co.kr/cache/recipe/2023/10/04/0d420d0693f46371edf1a295c5c49f181.jpg
7011123,https://recipe1.ezmember.co.kr/cache/recipe/2023/10/06/b8976f9881b881f03328babd320fc4821.jpg
7011176,https://recipe1.ezmember.co.kr/cache/recipe/2023/10/07/14fd60e2fef499d4ada2cb5b037a1c981.jpg
7011367,https://recipe1.ezmember.co.kr/cache/recipe/2023/10/11/a76961a4b382b6b4b1286074a53f71481.jpg
7011575,https://recipe1.ezmember.co.kr/cache/recipe/2023/10/13/c63368f7ecb4da6dd855b76c6c0e1f7c1.jpg
7011674,https://recipe1.ezmember.co.kr/cache/recipe/2023/10/16/5b61c0c055cfe62668705494281218501.jpg
7012053,https://recipe1.ezmember.co.kr/cache/recipe/2023/10/23/5b64a82019803d0354beb05c2d6c2b771.jpg
7012228,https://recipe1.ezmember.co.kr/cache/recipe/2023/10/01/96c7ffbbca29c718c7c3fd2799c2d2dc1.jpg
7012423,https://recipe1.ezmember.co.kr/cache/recipe/2023/10/30/c3cee2c1948770935642c5664cb78e2e1.jpg
7012748,https://recipe1.ezmember.co.kr/cache/recipe/2023/11/03/e09c924fd5fd754b5bb08632cc821a031.jpg
7012983,https://recipe1.ezmember.co.kr/cache/recipe/2023/11/07/23473017426ffc0c2f72693b17e567b81.jpg
7013247,https://recipe1.ezmember.co.kr/cache/recipe/2023/11/10/f64a4ca7df748517fa4fe74f0a5bec8f1.jpg
7013297,https://recipe1.ezmember.co.kr/cache/recipe/2023/11/11/3ff7937b6caef91940e6436e734effbb1.jpg
7013352,https://recipe1.ezmember.co.kr/cache/recipe/2023/11/12/bd57b22072851bfd407f5c38aaf9e9411.jpg
7013521,https://recipe1.ezmember.co.kr/cache/recipe/2023/11/14/7c7470c3f1a6648bd0257f9075d67ee21.jpg
7013544,https://recipe1.ezmember.co.kr/cache/recipe/2023/11/14/1cd2b2e77f7eb42ea52ad58076f838dd1.jpg
7013573,https://recipe1.ezmember.co.kr/cache/recipe/2023/11/14/23fa5f5c92a7e510616c122f5cdb51fd1.jpg
7013602,https://recipe1.ezmember.co.kr/cache/recipe/2023/11/14/09a0ed6d6eded8ff822226c5111c1f281.jpg
7013655,https://recipe1.ezmember.co.kr/cache/recipe/2023/11/15/43e09822ea604257605434be7132afbc1.jpg
7013740,https://recipe1.ezmember.co.kr/cache/recipe/2023/11/16/ba42ccfe10a1e9459d51c6d6782d57571.jpg
7013746,https://recipe1.ezmember.co.kr/cache/recipe/2023/11/16/e63a798fbdf6b0bfd096d89bb52e7e3d1.jpg
7014210,https://recipe1.ezmember.co.kr/cache/recipe/2023/11/23/9141b3cb7e05f1be1c40bc9f1ee458591.jpg
7014644,
6876191,
7016936,https://recipe1.ezmember.co.kr/cache/recipe/2024/01/02/df9361b4a15fd0efdf41cd6a6a46670e1.jpg
7016956,https://recipe1.ezmember.co.kr/cache/recipe/2023/12/27/1ae25ec79b999ee1fbbd053b4245269f1.jpg
7017201,https://recipe1.ezmember.co.kr/cache/recipe/2024/01/06/e5c150e1636d0fab8325e78ce7dec2f81.jpg
7017457,https://recipe1.ezmember.co.kr/cache/recipe/2024/01/10/88717af8c6c337d8d793f675481d81fe1.jpg
7017709,https://recipe1.ezmember.co.kr/cache/recipe/2024/01/14/ec05876f54238984164245a7748eaade1.jpg
7017711,https://recipe1.ezmember.co.kr/cache/recipe/2024/01/14/adcb9970c54f583528e48ab9e23d0e591.jpg
7017855,https://recipe1.ezmember.co.kr/cache/recipe/2024/01/16/45c26c1e09561b6b5c3c7e0ac233228c1.jpg
7017943,https://recipe1.ezmember.co.kr/cache/recipe/2024/01/17/5f617e0201367dd656a63346c7f82adc1.jpg
7018289,https://recipe1.ezmember.co.kr/cache/recipe/2024/01/22/cfd70773446d6681e28b13d793e26de01.jpg
7018325,https://recipe1.ezmember.co.kr/cache/recipe/2024/01/22/372d208dfcdeb90d3203064824fdbf111.jpg
7018537,https://recipe1.ezmember.co.kr/cache/recipe/2024/01/24/2e9a9e16bd722862173e30dd55fd15771.jpg
7018648,https://recipe1.ezmember.co.kr/cache/recipe/2024/01/26/ad5c706a16c9b61adf92e1c813ea36131.jpg
7018752,https://recipe1.ezmember.co.kr/cache/recipe/2024/01/27/fa901ff66d3c8158d951e6ae618959c71.jpg
7018846,https://recipe1.ezmember.co.kr/cache/recipe/2024/01/29/2eb8295c48915793dc4cf08cf84975731.png
7018952,https://recipe1.ezmember.co.kr/cache/recipe/2024/01/31/1af99974afcdc3d6408bfc75a7ebb0a91.jpg
7019016,https://recipe1.ezmember.co.kr/cache/recipe/2024/01/31/666e3d6b28c898bf9359e0848e6d1a8a1.jpg
7019130,https://recipe1.ezmember.co.kr/cache/recipe/2024/02/02/1ca8ee08780113ff1aaf1f565b3aea131.jpg
7019188,https://recipe1.ezmember.co.kr/cache/recipe/2024/02/03/17dea8fccd58aeefac7b60e9699e42081.png
7019432,https://recipe1.ezmember.co.kr/cache/recipe/2024/02/06/d447ae1a5a29ddd1d7881860dde6a6ca1.jpg
7019465,https://recipe1.ezmember.co.kr/cache/recipe/2024/02/06/9d33d95793ccbccdb0c74bd049bb1fe51.jpg
7019470,https://recipe1.ezmember.co.kr/cache/recipe/2024/02/06/b13f955a00ee46165a0d3c4f5d8c0f131.jpg
7019494,https://recipe1.ezmember.co.kr/cache/recipe/2023/10/10/f676f8386428d715e1869ff7cfe9e5791.jpg
7019526,https://recipe1.ezmember.co.kr/cache/recipe/2024/02/07/02faa55b72a2a3928d0d3cb28c2635a41.jpg
7019584,https://recipe1.ezmember.co.kr/cache/recipe/2024/02/07/0e65ac1c59ef579890e11e5f528659681.jpg
7019667,https://recipe1.ezmember.co.kr/cache/recipe/2024/02/09/3bdf0f76c535938e24f27870cf61b8701.jpg
7019688,https://recipe1.ezmember.co.kr/cache/recipe/2024/02/09/85848ec242fe1d5ebe7703e4ae2cc6711.jpg
7019991,https://recipe1.ezmember.co.kr/cache/recipe/2024/02/14/75bad151df0585902f0a301d244accd41.jpg
7020115,https://recipe1.ezmember.co.kr/cache/recipe/2024/02/15/047b377cc9975a17c4eaa92ce6d01e781.jpg
7020179,https://recipe1.ezmember.co.kr/cache/recipe/2024/02/17/78e3b8ec1da5eff495c47cbc2d6f1a9f1.jpg
7020209,https://recipe1.ezmember.co.kr/cache/recipe/2024/02/17/bc3de4c0fb5872ac96dae4db16cfe0f11.jpg
7020210,https://recipe1.ezmember.co.kr/cache/recipe/2024/02/17/4ec3dc3ed93532b074e3b8b2ac65d36e1.jpg
7020218,https://recipe1.ezmember.co.kr/cache/recipe/2024/02/17/7282d11e8cad2547b814a596a464bb791.png
7020246,https://recipe1.ezmember.co.kr/cache/recipe/2024/02/18/81f4ecbab2690cfec7b3b676866bd53b1.jpg
7020249,https://recipe1.ezmember.co.kr/cache/recipe/2024/02/18/49ae14dc257f4c3bf52d4f0a9fac978a1.jpg
7020313,https://recipe1.ezmember.co.kr/cache/recipe/2024/02/19/f6313e3e63de12cd81088429fb38f7661.jpg
7020319,https://recipe1.ezmember.co.kr/cache/recipe/2024/02/19/8299b0c0056432272aa9293c64a46f191.jpg
7020330,https://recipe1.ezmember.co.kr/cache/recipe/2024/02/19/de226f88766f315e492aa2842e61ce791.jpg
7020337,https://recipe1.ezmember.co.kr/cache/recipe/2024/02/19/0eca0554ac65c927b2a059bcbcd28b481.jpg
7020456,https://recipe1.ezmember.co.kr/cache/recipe/2024/02/21/1e92917678d825a95424263da856ebe01.jpg
7020493,https://recipe1.ezmember.co.kr/cache/recipe/2024/02/21/7de868bba498d1a0c3d7fadc3cb992391.jpg
7021003,https://recipe1.ezmember.co.kr/cache/recipe/2024/02/28/e35f85c9d9c9a8cb6bc72bcea7ad07d81.jpg
7021421,https://recipe1.ezmember.co.kr/cache/recipe/2024/03/05/48fafe3c6071288fe286f184760f52c21.jpg
7021497,https://recipe1.ezmember.co.kr/cache/recipe/2024/03/06/1417311721b37968d6a06b25a02e9f991.jpg
7021514,https://recipe1.ezmember.co.kr/cache/recipe/2024/03/06/b535a362a5f6c19d9498f92a0f9c23041.jpg
7021669,https://recipe1.ezmember.co.kr/cache/recipe/2024/03/08/5a210bfa047ad19bf583187f63e14cea1.jpg
7021809,https://recipe1.ezmember.co.kr/cache/recipe/2024/03/10/9e88c39c9fdcccfc1dd7c7eea9d4b1eb1.jpg
7021975,https://recipe1.ezmember.co.kr/cache/recipe/2024/03/12/0081e8cd943acec78bc805099fd1c0501.jpg
7022112,https://recipe1.ezmember.co.kr/cache/recipe/2024/03/13/286bdf1f1c2d849db40ae8d5c24b32b71.jpg
7022400,https://recipe1.ezmember.co.kr/cache/recipe/2024/01/31/025ceaadf33c3833fb5402cd4e45068b1.jpg
7022457,https://recipe1.ezmember.co.kr/cache/recipe/2024/03/18/64894321d234eb30b2f04e10c50028b01.jpg
7022470,https://recipe1.ezmember.co.kr/cache/recipe/2024/03/18/2a5591f0d9b0d5808c0836a6a67a5c121.png
7022496,https://recipe1.ezmember.co.kr/cache/recipe/2024/03/19/9b4f78276271c6e83bac19d8539fe50e1.jpg
7022567,https://recipe1.ezmember.co.kr/cache/recipe/2024/03/19/fdaadff6cb9862b995a2b9331c097a691.png
7022685,https://recipe1.ezmember.co.kr/cache/recipe/2024/03/21/4b3387a171ee10bf132950defbf046d31.jpg
7023028,https://recipe1.ezmember.co.kr/cache/recipe/2024/03/27/fc4c23ee61ecc2ee0ee2d4fae86526be1.jpg
7023088,https://recipe1.ezmember.co.kr/cache/recipe/2024/03/27/d6b848221bd87521dde808fefb857b481.jpg
7023704,https://recipe1.ezmember.co.kr/cache/recipe/2024/04/04/1e2627d6e75bef84e1db3be85b7beec71.jpg
7023746,https://recipe1.ezmember.co.kr/cache/recipe/2024/04/05/31e7c9157df9e909258331b9f05dd5881.jpg
7023772,https://recipe1.ezmember.co.kr/cache/recipe/2024/04/05/d7a1a7054923ec1ed50ab887332f1a5a1.jpg
7023958,https://recipe1.ezmember.co.kr/cache/recipe/2024/04/09/1962c19abc1dfc08fd0657a08b7bb9811.jpg
7024039,https://recipe1.ezmember.co.kr/cache/recipe/2024/04/10/a112c79c532c9a888ae79fea3e08a8a01.jpg
7024042,https://recipe1.ezmember.co.kr/cache/recipe/2024/04/08/0dc3335fa6ad92f838445f1984e961cb1.jpg
7024150,https://recipe1.ezmember.co.kr/cache/recipe/2024/04/11/027ef8f19c5313664e4dcdf9958b67e11.jpg
7024393,https://recipe1.ezmember.co.kr/cache/recipe/2024/04/15/edf31af528e89fda87ebf4ccbbc948971.jpg
7024499,https://recipe1.ezmember.co.kr/cache/recipe/2024/04/14/987cd10d3e996e5668cad898992919761.jpg
7024522,https://recipe1.ezmember.co.kr/cache/recipe/2024/04/16/dd41ff0b4dd2340c242e99769b93698b1.jpg
7024525,https://recipe1.ezmember.co.kr/cache/recipe/2024/04/16/6a898e4f469c125de64966c048ea20a91.jpg
7024856,https://recipe1.ezmember.co.kr/cache/recipe/2024/04/21/2486004de5300284e4f0485c0541bf1b1.jpg
7024911,https://recipe1.ezmember.co.kr/cache/recipe/2024/04/22/57ff912c25f87821cfbc1a5f33f118381.jpg
7025058,https://recipe1.ezmember.co.kr/cache/recipe/2024/04/23/daea7590d76f4f8d38a1b1b9bc2cad781.jpg
7025276,https://recipe1.ezmember.co.kr/cache/recipe/2024/04/26/5fbb542750023dd67c3e4d69b662861b1.png
7025697,https://recipe1.ezmember.co.kr/cache/recipe/2024/05/03/9cbeb5af06e6b70f68137270215acc1c1.jpg
7025737,https://recipe1.ezmember.co.kr/cache/recipe/2024/05/05/ea61b4b0c726369e744e7d1d1bdf97c61.jpg
7025739,https://recipe1.ezmember.co.kr/cache/recipe/2024/05/05/1741d134bbcae58ff55ae939395e8fc21.jpg
7025908,https://recipe1.ezmember.co.kr/cache/recipe/2024/05/08/ec500eff4560687b90fa6087c440d2c61.jpg
7026027,https://recipe1.ezmember.co.kr/cache/recipe/2024/05/10/febe59265bfc9e05342c79e4c15378721.jpg
7026200,https://recipe1.ezmember.co.kr/cache/recipe/2024/05/13/707e3a5c1fe023a38029a0bb3ccb253c1.jpg
7026214,https://recipe1.ezmember.co.kr/cache/recipe/2024/05/13/fada7cd95f1df012653ab08101ee71aa1.jpg
7026344,https://recipe1.ezmember.co.kr/cache/recipe/2024/05/15/ed4e681dac62c4a4d02e196eb83d956c1.jpg
7026629,https://recipe1.ezmember.co.kr/cache/recipe/2024/05/19/6400f42581751c7301eb0847139bae7a1.jpg
7026670,https://recipe1.ezmember.co.kr/cache/recipe/2024/05/20/1c413181a3c59acde45aa89f5b71a3421.jpg
7027402,https://recipe1.ezmember.co.kr/cache/recipe/2024/06/01/1d039bb7de50c29ade122cdb068a627b1.jpg
7027615,https://recipe1.ezmember.co.kr/cache/recipe/2024/06/05/6c69f5e438fe2e06d197dd82816dbfd61.jpg
7027934,https://recipe1.ezmember.co.kr/cache/recipe/2024/06/06/6c21d73038c3ef692b48995664a3f6b31.jpg
7028053,https://recipe1.ezmember.co.kr/cache/recipe/2024/06/11/26da449ee80889a981c650ed260eb32e1.jpg
7028073,https://recipe1.ezmember.co.kr/cache/recipe/2024/06/11/79354a43b86eba9dca675a4c0899e9681.jpg
7028126,https://recipe1.ezmember.co.kr/cache/recipe/2024/06/12/8e504942bb2f15ebb9a1d62c7c6beba61.jpg
7028179,https://recipe1.ezmember.co.kr/cache/recipe/2024/06/13/89c879a067443291e49b90f32a44b5581.jpg
7028227,https://recipe1.ezmember.co.kr/cache/recipe/2024/06/13/94860c2d9ba536b8f8a642ce77ab37d81.jpg
7028271,https://recipe1.ezmember.co.kr/cache/recipe/2024/06/14/ffd690319738ebdefbb9bb20ca5d328d1.jpg
7028454,https://recipe1.ezmember.co.kr/cache/recipe/2024/06/17/b05e016542187c0584243411c5cca32c1.jpg
7028595,https://recipe1.ezmember.co.kr/cache/recipe/2024/06/18/149711f02684855bb856b4c3c4d035c61.jpg
7028692,https://recipe1.ezmember.co.kr/cache/recipe/2024/05/17/826cf68c50dc9d84f17b550800bf852f1.jpg
7028704,https://recipe1.ezmember.co.kr/cache/recipe/2024/06/20/6ba52d70e45cdfea2ba5025dee18dc4b1.jpg
7028841,https://recipe1.ezmember.co.kr/cache/recipe/2024/06/22/73c1aa3f783ed365dd7bd6c5f4e0501c1.jpg
7029031,https://recipe1.ezmember.co.kr/cache/recipe/2024/06/24/7e9786b426e98f3940dab8f699db3b631.jpg
7029311,https://recipe1.ezmember.co.kr/cache/recipe/2024/06/28/623f4776b38f856624c6b14a13c124971.jpg
7029314,https://recipe1.ezmember.co.kr/cache/recipe/2024/06/28/e536a93489d05558e2ed8710d5e3db6e1.jpg
7029687,https://recipe1.ezmember.co.kr/cache/recipe/2024/07/04/4047a2521d464521763804dec30e9bef1.jpg
7029741,https://recipe1.ezmember.co.kr/cache/recipe/2024/07/05/16ea6019f55af2cbd6cfbf0f26756d2d1.jpg
7029895,https://recipe1.ezmember.co.kr/cache/recipe/2024/07/07/c1b15571afa938e8f67b98183005c3081.jpg
7029941,https://recipe1.ezmember.co.kr/cache/recipe/2024/07/08/fc45677c6dfc01472f84e0884044013c1.jpg
7030105,https://recipe1.ezmember.co.kr/cache/recipe/2024/07/10/8275d87b50e9770cb618660cfa7e2ba51.jpg
7030114,https://recipe1.ezmember.co.kr/cache/recipe/2024/07/10/9f206696a99808e700ab76dda7ecedfc1.jpg
7030199,https://recipe1.ezmember.co.kr/cache/recipe/2024/07/10/3fdf540e36846cdcc081b9ff3f78db501.jpg
7030777,https://recipe1.ezmember.co.kr/cache/recipe/2024/07/18/c37807597450a6cd283a383c493776831.jpg
7030888,https://recipe1.ezmember.co.kr/cache/recipe/2024/07/21/182bee8264e9b19cea6882e675142c4b1.jpg
7030937,https://recipe1.ezmember.co.kr/cache/recipe/2024/07/21/a18fd907baa104b1f90fe795219967ec1.jpg
7031080,https://recipe1.ezmember.co.kr/cache/recipe/2024/07/23/e9a5c706600028fa148e7b81c775e03b1.jpg
7031741,https://recipe1.ezmember.co.kr/cache/recipe/2024/08/03/a1387d26f6beefbe51bb4a2021ac3b051.jpg
7031986,https://recipe1.ezmember.co.kr/cache/recipe/2024/08/07/056cde9ec39c4cb2880c8cc8a95bc8fb1.jpg
7032355,https://recipe1.ezmember.co.kr/cache/recipe/2024/08/12/7fc3294ddbfdeae413d0856a1860fb7f1.jpg
7032532,https://recipe1.ezmember.co.kr/cache/recipe/2024/08/14/0b96761c1a11606cfd09f1104cf97f1c1.jpg
7032805,https://recipe1.ezmember.co.kr/cache/recipe/2024/08/19/56da5db8b25803a594b8fb7c7d765fc11.jpg
7032810,https://recipe1.ezmember.co.kr/cache/recipe/2024/08/19/2fae16b457c389062d3fa8e99575fd411.png
7032839,https://recipe1.ezmember.co.kr/cache/recipe/2024/08/19/131aa556fd09a0907024c058af664a311.jpg
7032876,https://recipe1.ezmember.co.kr/cache/recipe/2024/08/20/0891cf0d9e292cda3663960100dccb141.jpg
7032927,https://recipe1.ezmember.co.kr/cache/recipe/2024/08/20/68a3af65574990d4b996a3b1f3d197991.jpg
7032949,https://recipe1.ezmember.co.kr/cache/recipe/2024/08/21/30f09872f916bbd2750ed676c963f53c1.jpg
7033140,https://recipe1.ezmember.co.kr/cache/recipe/2024/08/24/f8eabf75683090eb2a272a7fe2a8dee81.jpg
7033355,https://recipe1.ezmember.co.kr/cache/recipe/2024/08/27/a1603a802ba1d43f1d2dd8cdfba29d551.jpg
7033380,https://recipe1.ezmember.co.kr/cache/recipe/2024/08/28/6dd32657bfb4a459a8b693fcd88db1701.png
7033436,https://recipe1.ezmember.co.kr/cache/recipe/2024/08/29/c6e3f38cf8d4fd0f6a9a624b7249c7cd1.jpg
7033721,https://recipe1.ezmember.co.kr/cache/recipe/2024/09/03/91c926f0e6f2bcd093ed920de30f68f81.jpg
7033730,https://recipe1.ezmember.co.kr/cache/recipe/2024/09/03/11b8ddd8bf87be5ca120351879d2a7721.jpg
7033765,https://recipe1.ezmember.co.kr/cache/recipe/2024/09/04/9674b48dca42c6126c7e1be8c0f4f6481.jpg
7033814,https://recipe1.ezmember.co.kr/cache/recipe/2024/09/04/76137de06dbb757233c6d386d17e78e01.jpg
7033842,https://recipe1.ezmember.co.kr/cache/recipe/2024/09/05/f5072db5e320e293cb026c305da72c401.jpg
7033933,https://recipe1.ezmember.co.kr/cache/recipe/2024/09/06/a34376dd17268491a57c2d8d07d7e0371.jpg
7033949,https://recipe1.ezmember.co.kr/cache/recipe/2024/09/05/a835b7b777ffb2653ad7eae45c6acbdf1.jpg
7034188,https://recipe1.ezmember.co.kr/cache/recipe/2024/09/09/818da8d072a4e73158ec14b24ca38c461.jpg
7034196,https://recipe1.ezmember.co.kr/cache/recipe/2024/09/09/a03c0ef802228c74548d4f265652470b1.jpg
7034206,https://recipe1.ezmember.co.kr/cache/recipe/2024/09/10/e8ca38730d15ef589c2a930e84e364ba1.jpg
7034425,https://recipe1.ezmember.co.kr/cache/recipe/2024/09/13/43c6799c9c37a13a93b3ec1cf6e962eb1.jpg
7034446,https://recipe1.ezmember.co.kr/cache/recipe/2024/09/13/e257e39e08e39ef8f2da5f859e110b431.jpg
7034569,https://recipe1.ezmember.co.kr/cache/recipe/2024/09/15/912b06451c8a4d68719873f218d2fc531.jpg
7034590,https://recipe1.ezmember.co.kr/cache/recipe/2024/09/15/f35127ebcc9004f86a747e17207305ff1.jpg
7034653,https://recipe1.ezmember.co.kr/cache/recipe/2024/09/16/9e555dd8722b25a417f932143f7bdfbd1.png
7034669,https://recipe1.ezmember.co.kr/cache/recipe/2024/09/16/8ec83e813be70fa0bb99e834c28c7f961.jpg
7034701,https://recipe1.ezmember.co.kr/cache/recipe/2024/09/17/657a5b67673d265f0ca43db40026ef901.jpg
7034722,https://recipe1.ezmember.co.kr/cache/recipe/2024/09/18/2ca9c58df86930c08770fd61405c0d3d1.jpg
7034738,https://recipe1.ezmember.co.kr/cache/recipe/2024/09/18/3ef8e16fc41923590cc94cf6460e52081.jpg
7034848,https://recipe1.ezmember.co.kr/cache/recipe/2024/09/20/1dbfa87e0c63e60dd9836b6eef52fee21.jpg
7035088,https://recipe1.ezmember.co.kr/cache/recipe/2024/09/23/27d1c86bc2d700e8c0ba5f7043bb58461.jpg
7035186,https://recipe1.ezmember.co.kr/cache/recipe/2024/09/25/2d225364a62171955bb61fd6b8a5c24c1.jpg
7035530,https://recipe1.ezmember.co.kr/cache/recipe/2024/09/30/9efad5b8cad99f9a60a3aeafc8bee6d51.jpg
7035693,https://recipe1.ezmember.co.kr/cache/recipe/2024/09/30/9f493522324ce6624b6e4e5d273bbfc71.jpg
7035804,https://recipe1.ezmember.co.kr/cache/recipe/2024/10/04/3c202cdc33717fb5a4d467d0580f94c71.jpg
7036769,https://recipe1.ezmember.co.kr/cache/recipe/2024/10/21/eb6f1b6577fcf9a3f0c7ed02ff6f46ce1.jpg
7037178,https://recipe1.ezmember.co.kr/cache/recipe/2024/10/26/d8cb3ae44dd78f95e907f748315914281.jpg
7037319,https://recipe1.ezmember.co.kr/cache/recipe/2024/10/28/547c5774186dd009128401ad09b25ffa1.jpg
7037471,https://recipe1.ezmember.co.kr/cache/recipe/2024/10/31/a2853e676e38b60e9a7a63ecac26d5741.jpg
7037539,https://recipe1.ezmember.co.kr/cache/recipe/2024/11/01/432ffd9ff4a1da15603e08a39d82c9821.jpg
7037613,https://recipe1.ezmember.co.kr/cache/recipe/2024/11/02/f7927ea7455e1a4653c211f2174d9aab1.jpg
7037710,https://recipe1.ezmember.co.kr/cache/recipe/2024/11/02/5dce99db516f19ef5ebb706c75c34af31.jpg
7037816,https://recipe1.ezmember.co.kr/cache/recipe/2024/11/04/302b8385b748958c8d7bb89fff33b62e1.jpg
7037820,https://recipe1.ezmember.co.kr/cache/recipe/2024/11/04/8e005f5b89772f460de1942ace49cd641.jpg
7038527,https://recipe1.ezmember.co.kr/cache/recipe/2024/11/14/5bd2bd50f6b8c03fcbc3984138ac13391.jpg
7038654,https://recipe1.ezmember.co.kr/cache/recipe/2024/11/16/435284d86b4e437e81da4f9373ee992f1.jpg
7038837,https://recipe1.ezmember.co.kr/cache/recipe/2024/11/18/0c6c8ddd45c81a00e87fcd4e2cd9fb2b1.png
7039092,https://recipe1.ezmember.co.kr/cache/recipe/2024/11/21/abc90c4898fe03b3d81fe507f2e5d4631.jpg
7039513,https://recipe1.ezmember.co.kr/cache/recipe/2024/11/28/dbd7a2651908bfec9977ce66ae88672a1.jpg
7039664,https://recipe1.ezmember.co.kr/cache/recipe/2024/11/30/4886c861a0856e42a6143dfebcb927501.jpg
7039669,https://recipe1.ezmember.co.kr/cache/recipe/2024/12/01/b692f378b34cad1ccfdb640981f32c961.jpg
7039741,https://recipe1.ezmember.co.kr/cache/recipe/2024/12/02/3beb99f5c884046fd5b2ded0e35865041.png
7039785,https://recipe1.ezmember.co.kr/cache/recipe/2024/12/03/a0958e63acc21d070de5fb7bcb4282981.jpg
7039796,https://recipe1.ezmember.co.kr/cache/recipe/2024/12/03/b945a3c8e3ba16a4388539017a26f2b11.jpg
7040466,https://recipe1.ezmember.co.kr/cache/recipe/2024/12/13/8fdcd39d460ebb16579eb92175e35c781.jpg
7040524,https://recipe1.ezmember.co.kr/cache/recipe/2024/12/13/c06f35da57a8f08a257597496a5dad501.jpg
7040528,https://recipe1.ezmember.co.kr/cache/recipe/2024/12/14/2a061d0fbd21775f699c4f516b5bc29b1.jpg
